product parent,category 1,category 2,name,base,barcode,cost_price,sale_price,manufacturer_srp,weight,manufacturer,supplier,store_sku,manufacturer_sku,supplier_sku,short_description,long_description,image_url,sub_image_url,meta_title,meta_desc,quantity,Color,Storage,Size,Zoom,Aperture,Pixel,Power Capacity
Media Player,Apple,iPod Shuffle,Apple IPOD SHUFFLE 2GB  Pink -ITP,Apple iPod shuffle 2GB,,343.2,349.2,388,0.01,Apple Asia Ltd,,107-APPIPS-MD773ZP/A,MD773ZP/A,,Apple IPOD SHUFFLE 2GB  Pink -ITP,"<div class=""short-description""><p>The incredibly small, wearable music player comes in a spectrum of colours and has a clickable control pad. And VoiceOver tells you the song title or playlist name. <span style=""color: #ffffff;"">-----</span></p></div><div class=""description""><h6>iPod shuffle. It&rsquo;s big on colour.</h6><p>Take hundreds of songs everywhere you go with the small, wearable and colourful iPod shuffle. Use the clickable control pad to easily play your music. With a simple tap of the VoiceOver button, you&rsquo;ll hear the song title, playlist name or even battery status. And because your different playlists and Genius Mixes are just a sync away, you&rsquo;ll always have the perfect music mix ready to complement your every mood.</p><h6>Key Features</h6><p>&bull; Small and wearable<br />&bull; Polished anodised aluminium design<br />&bull; Built-in clip<br />&bull; Easy-to-use control pad for playing your music, audiobooks and podcasts<br />&bull; VoiceOver button to hear the song title, playlist menu and battery status*<br />&bull; Support for multiple playlists and Genius Mixes<br />&bull; 2GB of storage&dagger;<br />&bull; Available in slate, silver, purple, pink, yellow, green and blue<br />&bull; Apple iPod shuffle USB Cable<br />&bull; Apple Earphones<br />&bull; Works with Mac and PC</p></div><p>&nbsp;</p><ul id=""product-attribute-specs-table""><li class=""cfx""><h4 class=""strong loud"">Power</h4><ul class=""product-attribute cms""><li class=""cfx odd""><div class=""label"">Battery Type</div><div class=""value"">Lithium Ion</div></li><li class=""cfx even""><div class=""label"">Battery Life - Audio Playback (hrs)</div><div class=""value"">15</div></li><li class=""cfx odd""><div class=""label"">Recharge Time (hrs)</div><div class=""value"">About 3 Hours</div></li></ul></li><li class=""cfx""><h4 class=""strong loud"">Connections</h4><ul class=""product-attribute cms""><li class=""cfx odd""><div class=""label"">Connectivity</div><div class=""value"">USB</div></li><li class=""cfx even""><div class=""label"">Audio Connections</div><div class=""value"">3.5mm Stereo Jack</div></li></ul></li><li class=""cfx""><h4 class=""strong loud"">Storage</h4><ul class=""product-attribute cms""><li class=""cfx odd""><div class=""label"">Hard Drive Size</div><div class=""value"">2GB</div></li></ul></li><li class=""cfx""><h4 class=""strong loud"">System Requirements</h4><ul class=""product-attribute cms""><li class=""cfx odd""><div class=""label"">Supported Operating System</div><div class=""value"">Mac OS, Mac OS X, Windows 7, Windows Vista, Windows XP</div></li><li class=""cfx even""><div class=""label"">Compatibility</div><div class=""value"">MAC, PC</div></li><li class=""cfx odd""><div class=""label"">Music Management Software</div><div class=""value"">iTunes 10 or later</div></li></ul></li><li class=""cfx""><h4 class=""strong loud"">Dimensions</h4><ul class=""product-attribute cms""><li class=""cfx odd""><div class=""label"">Product Height (cm)</div><div class=""value"">2.9</div></li><li class=""cfx even""><div class=""label"">Product Width (cm)</div><div class=""value"">3.16</div></li><li class=""cfx odd""><div class=""label"">Product Depth (cm)</div><div class=""value"">0.87</div></li></ul></li></ul>",http://www.dropshipgs.com/images/detailed/8/Apple-iPod-shuffle-2GB-1.jpg,,Apple iPod shuffle 2GB Pink,Apple iPod shuffle 2GB Pink  at MetroSix.com,,Pink,2GB,,,,,
Media Player,Apple,iPod Shuffle,Apple IPOD SHUFFLE 2GB  Yellow -ITP,Apple iPod shuffle 2GB,,343.2,349.2,388,0.01,Apple Asia Ltd,,107-APPIPS-MD774ZP/A,MD774ZP/A,,Apple IPOD SHUFFLE 2GB  Yellow -ITP,"<div class=""short-description""><p>The incredibly small, wearable music player comes in a spectrum of colours and has a clickable control pad. And VoiceOver tells you the song title or playlist name. <span style=""color: #ffffff;"">-----</span></p></div><div class=""description""><h6>iPod shuffle. It&rsquo;s big on colour.</h6><p>Take hundreds of songs everywhere you go with the small, wearable and colourful iPod shuffle. Use the clickable control pad to easily play your music. With a simple tap of the VoiceOver button, you&rsquo;ll hear the song title, playlist name or even battery status. And because your different playlists and Genius Mixes are just a sync away, you&rsquo;ll always have the perfect music mix ready to complement your every mood.</p><h6>Key Features</h6><p>&bull; Small and wearable<br />&bull; Polished anodised aluminium design<br />&bull; Built-in clip<br />&bull; Easy-to-use control pad for playing your music, audiobooks and podcasts<br />&bull; VoiceOver button to hear the song title, playlist menu and battery status*<br />&bull; Support for multiple playlists and Genius Mixes<br />&bull; 2GB of storage&dagger;<br />&bull; Available in slate, silver, purple, pink, yellow, green and blue<br />&bull; Apple iPod shuffle USB Cable<br />&bull; Apple Earphones<br />&bull; Works with Mac and PC</p></div><p>&nbsp;</p><ul id=""product-attribute-specs-table""><li class=""cfx""><h4 class=""strong loud"">Power</h4><ul class=""product-attribute cms""><li class=""cfx odd""><div class=""label"">Battery Type</div><div class=""value"">Lithium Ion</div></li><li class=""cfx even""><div class=""label"">Battery Life - Audio Playback (hrs)</div><div class=""value"">15</div></li><li class=""cfx odd""><div class=""label"">Recharge Time (hrs)</div><div class=""value"">About 3 Hours</div></li></ul></li><li class=""cfx""><h4 class=""strong loud"">Connections</h4><ul class=""product-attribute cms""><li class=""cfx odd""><div class=""label"">Connectivity</div><div class=""value"">USB</div></li><li class=""cfx even""><div class=""label"">Audio Connections</div><div class=""value"">3.5mm Stereo Jack</div></li></ul></li><li class=""cfx""><h4 class=""strong loud"">Storage</h4><ul class=""product-attribute cms""><li class=""cfx odd""><div class=""label"">Hard Drive Size</div><div class=""value"">2GB</div></li></ul></li><li class=""cfx""><h4 class=""strong loud"">System Requirements</h4><ul class=""product-attribute cms""><li class=""cfx odd""><div class=""label"">Supported Operating System</div><div class=""value"">Mac OS, Mac OS X, Windows 7, Windows Vista, Windows XP</div></li><li class=""cfx even""><div class=""label"">Compatibility</div><div class=""value"">MAC, PC</div></li><li class=""cfx odd""><div class=""label"">Music Management Software</div><div class=""value"">iTunes 10 or later</div></li></ul></li><li class=""cfx""><h4 class=""strong loud"">Dimensions</h4><ul class=""product-attribute cms""><li class=""cfx odd""><div class=""label"">Product Height (cm)</div><div class=""value"">2.9</div></li><li class=""cfx even""><div class=""label"">Product Width (cm)</div><div class=""value"">3.16</div></li><li class=""cfx odd""><div class=""label"">Product Depth (cm)</div><div class=""value"">0.87</div></li></ul></li></ul>",http://www.dropshipgs.com/images/detailed/8/Apple-iPod-shuffle-2GB-1.jpg,,Apple iPod shuffle 2GB Yellow,Apple iPod shuffle 2GB Yellow  at MetroSix.com,,Yellow,2GB,,,,,
Media Player,Apple,iPod Shuffle,Apple IPOD SHUFFLE 2GB  Blue -ITP,Apple iPod shuffle 2GB,,343.2,349.2,388,0.01,Apple Asia Ltd,,107-APPIPS-MD775ZP/A,MD775ZP/A,,Apple IPOD SHUFFLE 2GB  Blue -ITP,"<div class=""short-description""><p>The incredibly small, wearable music player comes in a spectrum of colours and has a clickable control pad. And VoiceOver tells you the song title or playlist name. <span style=""color: #ffffff;"">-----</span></p></div><div class=""description""><h6>iPod shuffle. It&rsquo;s big on colour.</h6><p>Take hundreds of songs everywhere you go with the small, wearable and colourful iPod shuffle. Use the clickable control pad to easily play your music. With a simple tap of the VoiceOver button, you&rsquo;ll hear the song title, playlist name or even battery status. And because your different playlists and Genius Mixes are just a sync away, you&rsquo;ll always have the perfect music mix ready to complement your every mood.</p><h6>Key Features</h6><p>&bull; Small and wearable<br />&bull; Polished anodised aluminium design<br />&bull; Built-in clip<br />&bull; Easy-to-use control pad for playing your music, audiobooks and podcasts<br />&bull; VoiceOver button to hear the song title, playlist menu and battery status*<br />&bull; Support for multiple playlists and Genius Mixes<br />&bull; 2GB of storage&dagger;<br />&bull; Available in slate, silver, purple, pink, yellow, green and blue<br />&bull; Apple iPod shuffle USB Cable<br />&bull; Apple Earphones<br />&bull; Works with Mac and PC</p></div><p>&nbsp;</p><ul id=""product-attribute-specs-table""><li class=""cfx""><h4 class=""strong loud"">Power</h4><ul class=""product-attribute cms""><li class=""cfx odd""><div class=""label"">Battery Type</div><div class=""value"">Lithium Ion</div></li><li class=""cfx even""><div class=""label"">Battery Life - Audio Playback (hrs)</div><div class=""value"">15</div></li><li class=""cfx odd""><div class=""label"">Recharge Time (hrs)</div><div class=""value"">About 3 Hours</div></li></ul></li><li class=""cfx""><h4 class=""strong loud"">Connections</h4><ul class=""product-attribute cms""><li class=""cfx odd""><div class=""label"">Connectivity</div><div class=""value"">USB</div></li><li class=""cfx even""><div class=""label"">Audio Connections</div><div class=""value"">3.5mm Stereo Jack</div></li></ul></li><li class=""cfx""><h4 class=""strong loud"">Storage</h4><ul class=""product-attribute cms""><li class=""cfx odd""><div class=""label"">Hard Drive Size</div><div class=""value"">2GB</div></li></ul></li><li class=""cfx""><h4 class=""strong loud"">System Requirements</h4><ul class=""product-attribute cms""><li class=""cfx odd""><div class=""label"">Supported Operating System</div><div class=""value"">Mac OS, Mac OS X, Windows 7, Windows Vista, Windows XP</div></li><li class=""cfx even""><div class=""label"">Compatibility</div><div class=""value"">MAC, PC</div></li><li class=""cfx odd""><div class=""label"">Music Management Software</div><div class=""value"">iTunes 10 or later</div></li></ul></li><li class=""cfx""><h4 class=""strong loud"">Dimensions</h4><ul class=""product-attribute cms""><li class=""cfx odd""><div class=""label"">Product Height (cm)</div><div class=""value"">2.9</div></li><li class=""cfx even""><div class=""label"">Product Width (cm)</div><div class=""value"">3.16</div></li><li class=""cfx odd""><div class=""label"">Product Depth (cm)</div><div class=""value"">0.87</div></li></ul></li></ul>",http://www.dropshipgs.com/images/detailed/8/Apple-iPod-shuffle-2GB-1.jpg,,Apple iPod shuffle 2GB Blue,Apple iPod shuffle 2GB Blue  at MetroSix.com,,Blue,2GB,,,,,
Media Player,Apple,iPod Shuffle,Apple IPOD SHUFFLE 2GB  Green -ITP,Apple iPod shuffle 2GB,,343.2,349.2,388,0.01,Apple Asia Ltd,,107-APPIPS-MD776ZP/A,MD776ZP/A,,Apple IPOD SHUFFLE 2GB  Green -ITP,"<div class=""short-description""><p>The incredibly small, wearable music player comes in a spectrum of colours and has a clickable control pad. And VoiceOver tells you the song title or playlist name. <span style=""color: #ffffff;"">-----</span></p></div><div class=""description""><h6>iPod shuffle. It&rsquo;s big on colour.</h6><p>Take hundreds of songs everywhere you go with the small, wearable and colourful iPod shuffle. Use the clickable control pad to easily play your music. With a simple tap of the VoiceOver button, you&rsquo;ll hear the song title, playlist name or even battery status. And because your different playlists and Genius Mixes are just a sync away, you&rsquo;ll always have the perfect music mix ready to complement your every mood.</p><h6>Key Features</h6><p>&bull; Small and wearable<br />&bull; Polished anodised aluminium design<br />&bull; Built-in clip<br />&bull; Easy-to-use control pad for playing your music, audiobooks and podcasts<br />&bull; VoiceOver button to hear the song title, playlist menu and battery status*<br />&bull; Support for multiple playlists and Genius Mixes<br />&bull; 2GB of storage&dagger;<br />&bull; Available in slate, silver, purple, pink, yellow, green and blue<br />&bull; Apple iPod shuffle USB Cable<br />&bull; Apple Earphones<br />&bull; Works with Mac and PC</p></div><p>&nbsp;</p><ul id=""product-attribute-specs-table""><li class=""cfx""><h4 class=""strong loud"">Power</h4><ul class=""product-attribute cms""><li class=""cfx odd""><div class=""label"">Battery Type</div><div class=""value"">Lithium Ion</div></li><li class=""cfx even""><div class=""label"">Battery Life - Audio Playback (hrs)</div><div class=""value"">15</div></li><li class=""cfx odd""><div class=""label"">Recharge Time (hrs)</div><div class=""value"">About 3 Hours</div></li></ul></li><li class=""cfx""><h4 class=""strong loud"">Connections</h4><ul class=""product-attribute cms""><li class=""cfx odd""><div class=""label"">Connectivity</div><div class=""value"">USB</div></li><li class=""cfx even""><div class=""label"">Audio Connections</div><div class=""value"">3.5mm Stereo Jack</div></li></ul></li><li class=""cfx""><h4 class=""strong loud"">Storage</h4><ul class=""product-attribute cms""><li class=""cfx odd""><div class=""label"">Hard Drive Size</div><div class=""value"">2GB</div></li></ul></li><li class=""cfx""><h4 class=""strong loud"">System Requirements</h4><ul class=""product-attribute cms""><li class=""cfx odd""><div class=""label"">Supported Operating System</div><div class=""value"">Mac OS, Mac OS X, Windows 7, Windows Vista, Windows XP</div></li><li class=""cfx even""><div class=""label"">Compatibility</div><div class=""value"">MAC, PC</div></li><li class=""cfx odd""><div class=""label"">Music Management Software</div><div class=""value"">iTunes 10 or later</div></li></ul></li><li class=""cfx""><h4 class=""strong loud"">Dimensions</h4><ul class=""product-attribute cms""><li class=""cfx odd""><div class=""label"">Product Height (cm)</div><div class=""value"">2.9</div></li><li class=""cfx even""><div class=""label"">Product Width (cm)</div><div class=""value"">3.16</div></li><li class=""cfx odd""><div class=""label"">Product Depth (cm)</div><div class=""value"">0.87</div></li></ul></li></ul>",http://www.dropshipgs.com/images/detailed/8/Apple-iPod-shuffle-2GB-1.jpg,,Apple iPod shuffle 2GB Green,Apple iPod shuffle 2GB Green  at MetroSix.com,,Green,2GB,,,,,
Media Player,Apple,iPod Shuffle,Apple IPOD SHUFFLE 2GB  Purple -ITP,Apple iPod shuffle 2GB,,343.2,349.2,388,0.01,Apple Asia Ltd,,107-APPIPS-MD777ZP/A,MD777ZP/A,,Apple IPOD SHUFFLE 2GB  Purple -ITP,"<div class=""short-description""><p>The incredibly small, wearable music player comes in a spectrum of colours and has a clickable control pad. And VoiceOver tells you the song title or playlist name. <span style=""color: #ffffff;"">-----</span></p></div><div class=""description""><h6>iPod shuffle. It&rsquo;s big on colour.</h6><p>Take hundreds of songs everywhere you go with the small, wearable and colourful iPod shuffle. Use the clickable control pad to easily play your music. With a simple tap of the VoiceOver button, you&rsquo;ll hear the song title, playlist name or even battery status. And because your different playlists and Genius Mixes are just a sync away, you&rsquo;ll always have the perfect music mix ready to complement your every mood.</p><h6>Key Features</h6><p>&bull; Small and wearable<br />&bull; Polished anodised aluminium design<br />&bull; Built-in clip<br />&bull; Easy-to-use control pad for playing your music, audiobooks and podcasts<br />&bull; VoiceOver button to hear the song title, playlist menu and battery status*<br />&bull; Support for multiple playlists and Genius Mixes<br />&bull; 2GB of storage&dagger;<br />&bull; Available in slate, silver, purple, pink, yellow, green and blue<br />&bull; Apple iPod shuffle USB Cable<br />&bull; Apple Earphones<br />&bull; Works with Mac and PC</p></div><p>&nbsp;</p><ul id=""product-attribute-specs-table""><li class=""cfx""><h4 class=""strong loud"">Power</h4><ul class=""product-attribute cms""><li class=""cfx odd""><div class=""label"">Battery Type</div><div class=""value"">Lithium Ion</div></li><li class=""cfx even""><div class=""label"">Battery Life - Audio Playback (hrs)</div><div class=""value"">15</div></li><li class=""cfx odd""><div class=""label"">Recharge Time (hrs)</div><div class=""value"">About 3 Hours</div></li></ul></li><li class=""cfx""><h4 class=""strong loud"">Connections</h4><ul class=""product-attribute cms""><li class=""cfx odd""><div class=""label"">Connectivity</div><div class=""value"">USB</div></li><li class=""cfx even""><div class=""label"">Audio Connections</div><div class=""value"">3.5mm Stereo Jack</div></li></ul></li><li class=""cfx""><h4 class=""strong loud"">Storage</h4><ul class=""product-attribute cms""><li class=""cfx odd""><div class=""label"">Hard Drive Size</div><div class=""value"">2GB</div></li></ul></li><li class=""cfx""><h4 class=""strong loud"">System Requirements</h4><ul class=""product-attribute cms""><li class=""cfx odd""><div class=""label"">Supported Operating System</div><div class=""value"">Mac OS, Mac OS X, Windows 7, Windows Vista, Windows XP</div></li><li class=""cfx even""><div class=""label"">Compatibility</div><div class=""value"">MAC, PC</div></li><li class=""cfx odd""><div class=""label"">Music Management Software</div><div class=""value"">iTunes 10 or later</div></li></ul></li><li class=""cfx""><h4 class=""strong loud"">Dimensions</h4><ul class=""product-attribute cms""><li class=""cfx odd""><div class=""label"">Product Height (cm)</div><div class=""value"">2.9</div></li><li class=""cfx even""><div class=""label"">Product Width (cm)</div><div class=""value"">3.16</div></li><li class=""cfx odd""><div class=""label"">Product Depth (cm)</div><div class=""value"">0.87</div></li></ul></li></ul>",http://www.dropshipgs.com/images/detailed/8/Apple-iPod-shuffle-2GB-1.jpg,,Apple iPod shuffle 2GB Purple,Apple iPod shuffle 2GB Purple  at MetroSix.com,,Purple,2GB,,,,,
Media Player,Apple,iPod Shuffle,Apple IPOD SHUFFLE 2GB  Silver -ITP,Apple iPod shuffle 2GB,,343.2,349.2,388,0.01,Apple Asia Ltd,,107-APPIPS-MD778ZP/A,MD778ZP/A,,Apple IPOD SHUFFLE 2GB  Silver -ITP,"<div class=""short-description""><p>The incredibly small, wearable music player comes in a spectrum of colours and has a clickable control pad. And VoiceOver tells you the song title or playlist name. <span style=""color: #ffffff;"">-----</span></p></div><div class=""description""><h6>iPod shuffle. It&rsquo;s big on colour.</h6><p>Take hundreds of songs everywhere you go with the small, wearable and colourful iPod shuffle. Use the clickable control pad to easily play your music. With a simple tap of the VoiceOver button, you&rsquo;ll hear the song title, playlist name or even battery status. And because your different playlists and Genius Mixes are just a sync away, you&rsquo;ll always have the perfect music mix ready to complement your every mood.</p><h6>Key Features</h6><p>&bull; Small and wearable<br />&bull; Polished anodised aluminium design<br />&bull; Built-in clip<br />&bull; Easy-to-use control pad for playing your music, audiobooks and podcasts<br />&bull; VoiceOver button to hear the song title, playlist menu and battery status*<br />&bull; Support for multiple playlists and Genius Mixes<br />&bull; 2GB of storage&dagger;<br />&bull; Available in slate, silver, purple, pink, yellow, green and blue<br />&bull; Apple iPod shuffle USB Cable<br />&bull; Apple Earphones<br />&bull; Works with Mac and PC</p></div><p>&nbsp;</p><ul id=""product-attribute-specs-table""><li class=""cfx""><h4 class=""strong loud"">Power</h4><ul class=""product-attribute cms""><li class=""cfx odd""><div class=""label"">Battery Type</div><div class=""value"">Lithium Ion</div></li><li class=""cfx even""><div class=""label"">Battery Life - Audio Playback (hrs)</div><div class=""value"">15</div></li><li class=""cfx odd""><div class=""label"">Recharge Time (hrs)</div><div class=""value"">About 3 Hours</div></li></ul></li><li class=""cfx""><h4 class=""strong loud"">Connections</h4><ul class=""product-attribute cms""><li class=""cfx odd""><div class=""label"">Connectivity</div><div class=""value"">USB</div></li><li class=""cfx even""><div class=""label"">Audio Connections</div><div class=""value"">3.5mm Stereo Jack</div></li></ul></li><li class=""cfx""><h4 class=""strong loud"">Storage</h4><ul class=""product-attribute cms""><li class=""cfx odd""><div class=""label"">Hard Drive Size</div><div class=""value"">2GB</div></li></ul></li><li class=""cfx""><h4 class=""strong loud"">System Requirements</h4><ul class=""product-attribute cms""><li class=""cfx odd""><div class=""label"">Supported Operating System</div><div class=""value"">Mac OS, Mac OS X, Windows 7, Windows Vista, Windows XP</div></li><li class=""cfx even""><div class=""label"">Compatibility</div><div class=""value"">MAC, PC</div></li><li class=""cfx odd""><div class=""label"">Music Management Software</div><div class=""value"">iTunes 10 or later</div></li></ul></li><li class=""cfx""><h4 class=""strong loud"">Dimensions</h4><ul class=""product-attribute cms""><li class=""cfx odd""><div class=""label"">Product Height (cm)</div><div class=""value"">2.9</div></li><li class=""cfx even""><div class=""label"">Product Width (cm)</div><div class=""value"">3.16</div></li><li class=""cfx odd""><div class=""label"">Product Depth (cm)</div><div class=""value"">0.87</div></li></ul></li></ul>",http://www.dropshipgs.com/images/detailed/8/Apple-iPod-shuffle-2GB-1.jpg,,Apple iPod shuffle 2GB Silver,Apple iPod shuffle 2GB Silver  at MetroSix.com,,Silver,2GB,,,,,
Media Player,Apple,iPod Shuffle,Apple IPOD SHUFFLE 2GB  Slate -ITP,Apple iPod shuffle 2GB,,343.2,349.2,388,0.01,Apple Asia Ltd,,107-APPIPS-MD779ZP/A,MD779ZP/A,,Apple IPOD SHUFFLE 2GB  Slate -ITP,"<div class=""short-description""><p>The incredibly small, wearable music player comes in a spectrum of colours and has a clickable control pad. And VoiceOver tells you the song title or playlist name. <span style=""color: #ffffff;"">-----</span></p></div><div class=""description""><h6>iPod shuffle. It&rsquo;s big on colour.</h6><p>Take hundreds of songs everywhere you go with the small, wearable and colourful iPod shuffle. Use the clickable control pad to easily play your music. With a simple tap of the VoiceOver button, you&rsquo;ll hear the song title, playlist name or even battery status. And because your different playlists and Genius Mixes are just a sync away, you&rsquo;ll always have the perfect music mix ready to complement your every mood.</p><h6>Key Features</h6><p>&bull; Small and wearable<br />&bull; Polished anodised aluminium design<br />&bull; Built-in clip<br />&bull; Easy-to-use control pad for playing your music, audiobooks and podcasts<br />&bull; VoiceOver button to hear the song title, playlist menu and battery status*<br />&bull; Support for multiple playlists and Genius Mixes<br />&bull; 2GB of storage&dagger;<br />&bull; Available in slate, silver, purple, pink, yellow, green and blue<br />&bull; Apple iPod shuffle USB Cable<br />&bull; Apple Earphones<br />&bull; Works with Mac and PC</p></div><p>&nbsp;</p><ul id=""product-attribute-specs-table""><li class=""cfx""><h4 class=""strong loud"">Power</h4><ul class=""product-attribute cms""><li class=""cfx odd""><div class=""label"">Battery Type</div><div class=""value"">Lithium Ion</div></li><li class=""cfx even""><div class=""label"">Battery Life - Audio Playback (hrs)</div><div class=""value"">15</div></li><li class=""cfx odd""><div class=""label"">Recharge Time (hrs)</div><div class=""value"">About 3 Hours</div></li></ul></li><li class=""cfx""><h4 class=""strong loud"">Connections</h4><ul class=""product-attribute cms""><li class=""cfx odd""><div class=""label"">Connectivity</div><div class=""value"">USB</div></li><li class=""cfx even""><div class=""label"">Audio Connections</div><div class=""value"">3.5mm Stereo Jack</div></li></ul></li><li class=""cfx""><h4 class=""strong loud"">Storage</h4><ul class=""product-attribute cms""><li class=""cfx odd""><div class=""label"">Hard Drive Size</div><div class=""value"">2GB</div></li></ul></li><li class=""cfx""><h4 class=""strong loud"">System Requirements</h4><ul class=""product-attribute cms""><li class=""cfx odd""><div class=""label"">Supported Operating System</div><div class=""value"">Mac OS, Mac OS X, Windows 7, Windows Vista, Windows XP</div></li><li class=""cfx even""><div class=""label"">Compatibility</div><div class=""value"">MAC, PC</div></li><li class=""cfx odd""><div class=""label"">Music Management Software</div><div class=""value"">iTunes 10 or later</div></li></ul></li><li class=""cfx""><h4 class=""strong loud"">Dimensions</h4><ul class=""product-attribute cms""><li class=""cfx odd""><div class=""label"">Product Height (cm)</div><div class=""value"">2.9</div></li><li class=""cfx even""><div class=""label"">Product Width (cm)</div><div class=""value"">3.16</div></li><li class=""cfx odd""><div class=""label"">Product Depth (cm)</div><div class=""value"">0.87</div></li></ul></li></ul>",http://www.dropshipgs.com/images/detailed/8/Apple-iPod-shuffle-2GB-1.jpg,,Apple iPod shuffle 2GB Slate,Apple iPod shuffle 2GB Slate  at MetroSix.com,,Slate,2GB,,,,,
Media Player,Apple,iPod Nano,Apple iPod nano 8GB - Pink  - ITP,Apple iPod nano 8GB,,865.8,898.2,998,1,Apple Asia Ltd,,107-APPIPN-MC692ZP/A,MC692ZP/A,,Apple iPod nano 8GB - Pink  - ITP,,http://www.dropshipgs.com/images/detailed/9/ipod_nano-500x500.jpg,,,,,Pink,8GB,,,,,
Media Player,Apple,iPod Nano,Apple iPod nano 16GB - PINK- ITP,Apple iPod nano 16GB,,1037.4,1069.2,1188,1,Apple Asia Ltd,,107-APPIPN-MD475ZP/A,MD475ZP/A,,Apple iPod nano 16GB - PINK- ITP,,http://www.dropshipgs.com/images/detailed/9/ipod_nano-500x500.jpg,,,,,PINK,16GB,,,,,
Media Player,Apple,iPod Nano,Apple iPod nano 16GB - YELLOW- ITP,Apple iPod nano 16GB,,1037.4,1069.2,1188,1,Apple Asia Ltd,,107-APPIPN-MD476ZP/A,MD476ZP/A,,Apple iPod nano 16GB - YELLOW- ITP,,http://www.dropshipgs.com/images/detailed/9/ipod_nano-500x500.jpg,,,,,YELLOW,16GB,,,,,
Media Player,Apple,iPod Nano,Apple iPod nano 16GB - BLUE- ITP,Apple iPod nano 16GB,,1037.4,1069.2,1188,1,Apple Asia Ltd,,107-APPIPN-MD477ZP/A,MD477ZP/A,,Apple iPod nano 16GB - BLUE- ITP,,http://www.dropshipgs.com/images/detailed/9/ipod_nano-500x500.jpg,,,,,BLUE,16GB,,,,,
Media Player,Apple,iPod Nano,Apple iPod nano 16GB - GREEN- ITP,Apple iPod nano 16GB,,1037.4,1069.2,1188,1,Apple Asia Ltd,,107-APPIPN-MD478ZP/A,MD478ZP/A,,Apple iPod nano 16GB - GREEN- ITP,,http://www.dropshipgs.com/images/detailed/9/ipod_nano-500x500.jpg,,,,,GREEN,16GB,,,,,
Media Player,Apple,iPod Nano,Apple iPod nano 16GB - PURPLE- ITP,Apple iPod nano 16GB,,1037.4,1069.2,1188,1,Apple Asia Ltd,,107-APPIPN-MD479ZP/A,MD479ZP/A,,Apple iPod nano 16GB - PURPLE- ITP,,http://www.dropshipgs.com/images/detailed/9/ipod_nano-500x500.jpg,,,,,PURPLE,16GB,,,,,
Media Player,Apple,iPod Nano,Apple iPod nano 16GB - SILVER - ITP,Apple iPod nano 16GB,,1037.4,1069.2,1188,1,Apple Asia Ltd,,107-APPIPN-MD480ZP/A,MD480ZP/A,,Apple iPod nano 16GB - SILVER - ITP,,http://www.dropshipgs.com/images/detailed/9/ipod_nano-500x500.jpg,,,,,SILVER,16GB,,,,,
Media Player,Apple,iPod Nano,Apple iPod nano 16GB - SLATE - ITP,Apple iPod nano 16GB,,1037.4,1069.2,1188,1,Apple Asia Ltd,,107-APPIPN-MD481ZP/A,MD481ZP/A,,Apple iPod nano 16GB - SLATE - ITP,,http://www.dropshipgs.com/images/detailed/9/ipod_nano-500x500.jpg,,,,,SLATE,16GB,,,,,
Media Player,Apple,iPod Classic,Apple IPOD CLASSIC 160GB SILVER,Apple iPod classic 160GB,,1653.6,1699.2,1888,,Apple Asia Ltd,,107-APPIPC-MC293ZP/A,MC293ZP/A,,Apple IPOD CLASSIC 160GB SILVER,,,,,,,SILVER,160GB,,,,,
Media Player,Apple,iPod Classic,Apple IPOD CLASSIC 160GB BLACK,Apple iPod classic 160GB,,1638,1699.2,1888,,Apple Asia Ltd,,107-APPIPC-MC297ZP/A,MC297ZP/A,,Apple IPOD CLASSIC 160GB BLACK,,,,,,,BLACK,160GB,,,,,
Media Player,Apple,iPod Touch,Apple iPod touch 32GB  (4th Gen),Apple iPod touch 32GB (4th Gen),,1474.64,1519.2,1688,,Apple Asia Ltd,,107-APPIPT-MC544ZP/A,MC544ZP/A,,Apple iPod touch 32GB  (4th Gen),,,,,,,BLACK,32GB,,,,,
Media Player,Apple,iPod Touch,Apple iPod touch 32GB  - Pink,Apple iPod touch 32GB (5th Gen),,2004.6,2059.2,2288,1,Apple Asia Ltd,,107-APPIPT-MC903ZP/A,MC903ZP/A,,Apple iPod touch 32GB  - Pink,,http://www.dropshipgs.com/images/detailed/6/iPod_Touch_5-B.jpg,,,,,Pink,32GB,,,,,
Media Player,Apple,iPod Touch,Apple iPod touch 64GB  - Pink,Apple iPod touch 64GB (5th Gen),,2698.8,2779.2,3088,1,Apple Asia Ltd,,107-APPIPT-MC904ZP/A,MC904ZP/A,,Apple iPod touch 64GB  - Pink,,http://www.dropshipgs.com/images/detailed/6/iPod_Touch_5-B.jpg,,,,,Pink,64GB,,,,,
Media Player,Apple,iPod Touch,Apple iPod touch 32GB  (4th Gen) White,Apple iPod touch 32GB (4th Gen),,1474.64,1519.2,1688,,Apple Asia Ltd,,107-APPIPT-MD058ZP/A,MD058ZP/A,,Apple iPod touch 32GB  (4th Gen) White,,,,,,,White,32GB,,,,,
Media Player,Apple,iPod Touch,Apple iPod touch 64GB  (4th Gen) White,Apple iPod touch 64GB (4th Gen),,2683.2,2329.2,2588,,Apple Asia Ltd,,107-APPIPT-MD059ZP/A,MD059ZP/A,,Apple iPod touch 64GB  (4th Gen) White,,,,,,,White,64GB,,,,,
Media Player,Apple,iPod Touch,Apple iPod touch 32GB  - Yellow,Apple iPod touch 32GB (5th Gen),,2004.6,2059.2,2288,1,Apple Asia Ltd,,107-APPIPT-MD714ZP/A,MD714ZP/A,,Apple iPod touch 32GB  - Yellow,,http://www.dropshipgs.com/images/detailed/6/iPod_Touch_5-B.jpg,,,,,Yellow,32GB,,,,,
Media Player,Apple,iPod Touch,Apple iPod touch 64GB  - Yellow,Apple iPod touch 64GB (5th Gen),,2698.8,2779.2,3088,1,Apple Asia Ltd,,107-APPIPT-MD715ZP/A,MD715ZP/A,,Apple iPod touch 64GB  - Yellow,,http://www.dropshipgs.com/images/detailed/6/iPod_Touch_5-B.jpg,,,,,Yellow,64GB,,,,,
Media Player,Apple,iPod Touch,Apple iPod touch 32GB  - Blue,Apple iPod touch 32GB (5th Gen),,2004.6,2059.2,2288,1,Apple Asia Ltd,,107-APPIPT-MD717ZP/A,MD717ZP/A,,Apple iPod touch 32GB  - Blue,,http://www.dropshipgs.com/images/detailed/6/iPod_Touch_5-B.jpg,,,,,Blue,32GB,,,,,
Media Player,Apple,iPod Touch,Apple iPod touch 64GB  - Blue,Apple iPod touch 64GB (5th Gen),,2698.8,2779.2,3088,1,Apple Asia Ltd,,107-APPIPT-MD718ZP/A,MD718ZP/A,,Apple iPod touch 64GB  - Blue,,http://www.dropshipgs.com/images/detailed/6/iPod_Touch_5-B.jpg,,,,,Blue,64GB,,,,,
Media Player,Apple,iPod Touch,Apple iPod touch 32GB  - White & Silver,Apple iPod touch 32GB (5th Gen),,2004.6,2059.2,2288,1,Apple Asia Ltd,,107-APPIPT-MD720ZP/A,MD720ZP/A,,Apple iPod touch 32GB  - White & Silver,,http://www.dropshipgs.com/images/detailed/6/iPod_Touch_5-B.jpg,,,,,White & Silver,32GB,,,,,
Media Player,Apple,iPod Touch,Apple iPod touch 64GB  - WHITE & SILVER,Apple iPod touch 64GB (5th Gen),,2698.8,2779.2,3088,1,Apple Asia Ltd,,107-APPIPT-MD721ZP/A,MD721ZP/A,,Apple iPod touch 64GB  - WHITE & SILVER,,http://www.dropshipgs.com/images/detailed/7/Apple_iPod_Touch_5th_Generation_64GB.jpg,,,,,White & Silver,64GB,,,,,
Media Player,Apple,iPod Touch,Apple iPod touch 32GB  - Black & Slate,Apple iPod touch 32GB (5th Gen),,2004.6,2059.2,2288,1,Apple Asia Ltd,,107-APPIPT-MD723ZP/A,MD723ZP/A,,Apple iPod touch 32GB  - Black & Slate,,http://www.dropshipgs.com/images/detailed/6/iPod_Touch_5-B.jpg,,,,,Black & Slate,32GB,,,,,
Media Player,Apple,iPod Touch,Apple iPod touch 64GB  - BLACK & SLATE,Apple iPod touch 64GB (5th Gen),,2698.8,2779.2,3088,1,Apple Asia Ltd,,107-APPIPT-MD724ZP/A,MD724ZP/A,,Apple iPod touch 64GB  - BLACK & SLATE,,http://www.dropshipgs.com/images/detailed/7/Apple_iPod_Touch_5th_Generation_64GB.jpg,,,,,Black & Slate,64GB,,,,,
Media Player,Apple,iPod Touch,Apple iPod touch 16GB  Black(4th Gen),Apple iPod touch 16GB (4th Gen),,1240.97,1249.2,1388,,Apple Asia Ltd,,107-APPIPT-ME178ZP/A,ME178ZP/A,,Apple iPod touch 16GB  Black(4th Gen),,,,,,,Black,16GB,,,,,
Media Player,Apple,iPod Touch,Apple iPod touch 16GB  White(4th Gen),Apple iPod touch 16GB (4th Gen),,1240.97,1249.2,1388,,Apple Asia Ltd,,107-APPIPT-ME179ZP/A,ME179ZP/A,,Apple iPod touch 16GB  White(4th Gen),,,,,,,White,16GB,,,,,
Media Player,Apple,iPod Touch,Apple iPod touch 16GB - Black & Silver,Apple iPod touch 16GB (5th Gen),,1594.9,1609.2,1788,1,Apple Asia Ltd,,107-APPIPT-ME643ZP/A,ME643ZP/A,,Apple iPod touch 16GB - Black & Silver,,http://www.dropshipgs.com/images/detailed/6/iPod_Touch_5-B.jpg,,,,,Black & Silver,16GB,,,,,
Tablets,Apple,iPad Retina Display,Apple iPad with Retina display WiFi BLK 32GB,Apple iPad with Retina Display 32GB - WiFi,,4243.2,3769.2,4188,,Apple Asia Ltd,,102-APPIPR-MD511ZP/A,MD511ZP/A,,Apple iPad with Retina display WiFi BLK 32GB,,,,,,,Black,32GB,,,,,
Tablets,Apple,iPad Retina Display,Apple iPad with Retina display WiFi BLK 64GB,Apple iPad with Retina Display 64GB - WiFi,,4968.6,4489.2,4988,,Apple Asia Ltd,,102-APPIPR-MD512ZP/A,MD512ZP/A,,Apple iPad with Retina display WiFi BLK 64GB,,,,,,,Black,64GB,,,,,
Tablets,Apple,iPad Retina Display,Apple iPad with Retina display WiFi White 16GB,Apple iPad with Retina Display 16GB - WiFi,,3595.8,3049.2,3388,1.5,Apple Asia Ltd,,102-APPIPR-MD513ZP/A,MD513ZP/A,,Apple iPad with Retina display WiFi White 16GB,,http://www.dropshipgs.com/images/detailed/6/31763_ipad3_1.jpg,,,,,White,16GB,,,,,
Tablets,Apple,iPad Retina Display,Apple iPad with Retina display WiFi White 32GB,Apple iPad with Retina Display 32GB - WiFi,,4243.2,3769.2,4188,,Apple Asia Ltd,,102-APPIPR-MD514ZP/A,MD514ZP/A,,Apple iPad with Retina display WiFi White 32GB,,,,,,,White,32GB,,,,,
Tablets,Apple,iPad Retina Display,Apple iPad with Retina display WiFi White 64GB,Apple iPad with Retina Display 64GB - WiFi,,4968.6,4489.2,4988,,Apple Asia Ltd,,102-APPIPR-MD515ZP/A,MD515ZP/A,,Apple iPad with Retina display WiFi White 64GB,,,,,,,White,64GB,,,,,
Tablets,Apple,iPad Retina Display,Apple IPAD WI-FI CELLULAR 16GB BLACK-ZPN,Apple iPad with Retina Display 16GB - WiFi + Cellular,,4524,3949.2,4388,,Apple Asia Ltd,,102-APPIPR-MD522ZP/A,MD522ZP/A,,Apple IPAD WI-FI CELLULAR 16GB BLACK-ZPN,,,,,,,BLACK,16GB,,,,,
Tablets,Apple,iPad Retina Display,Apple IPAD WI-FI CELLULAR 32GB BLACK-ZPN,Apple iPad with Retina Display 32GB - WiFi + Cellular,,5148,4669.2,5188,,Apple Asia Ltd,,102-APPIPR-MD523ZP/A,MD523ZP/A,,Apple IPAD WI-FI CELLULAR 32GB BLACK-ZPN,,,,,,,BLACK,32GB,,,,,
Tablets,Apple,iPad Retina Display,Apple IPAD WI-FI CELLULAR 64GB BLACK-ZPN,Apple iPad with Retina Display 64GB - WiFi + Cellular,,5873.4,5389.2,5988,,Apple Asia Ltd,,102-APPIPR-MD524ZP/A,MD524ZP/A,,Apple IPAD WI-FI CELLULAR 64GB BLACK-ZPN,,,,,,,BLACK,64GB,,,,,
Tablets,Apple,iPad Retina Display,Apple IPAD WI-FI CELLULAR 16GB WHITE-ZPN,Apple iPad with Retina Display 16GB - WiFi + Cellular,,4524,3949.2,4388,,Apple Asia Ltd,,102-APPIPR-MD525ZP/A,MD525ZP/A,,Apple IPAD WI-FI CELLULAR 16GB WHITE-ZPN,,,,,,,WHITE,16GB,,,,,
Tablets,Apple,iPad Retina Display,Apple IPAD WI-FI CELLULAR 32GB WHITE-ZPN,Apple iPad with Retina Display 32GB - WiFi + Cellular,,5148,4669.2,5188,,Apple Asia Ltd,,102-APPIPR-MD526ZP/A,MD526ZP/A,,Apple IPAD WI-FI CELLULAR 32GB WHITE-ZPN,,,,,,,WHITE,32GB,,,,,
Tablets,Apple,iPad Mini,Apple iPad mini with WiFi 16GB - Black & Slate,Apple iPad Mini 16GB - WiFi,,2418,2059.2,2288,1,Apple Asia Ltd,,102-APPIPM-MD528ZP/A,MD528ZP/A,,Apple iPad mini with WiFi 16GB - Black & Slate,,http://www.dropshipgs.com/images/detailed/6/IPAD_MINI_WHITE1.jpg,,,,,Black & Slate,16GB,,,,,
Tablets,Apple,iPad Mini,Apple iPad mini with WiFi 32GB - Black & Slate,Apple iPad Mini 32GB - WiFi,,3166.8,2779.2,3088,1,Apple Asia Ltd,,102-APPIPM-MD529ZP/A,MD529ZP/A,,Apple iPad mini with WiFi 32GB - Black & Slate,,http://www.dropshipgs.com/images/detailed/6/32188_IPAD_MINI_WHITE2.jpg,,,,,Black & Slate,32GB,,,,,
Tablets,Apple,iPad Mini,Apple iPad mini with WiFi 64GB - Black & Slate,Apple iPad Mini 64GB - WiFi,,3915.6,3499.2,3888,,Apple Asia Ltd,,102-APPIPM-MD530ZP/A,MD530ZP/A,,Apple iPad mini with WiFi 64GB - Black & Slate,,,,,,,Black & Slate,64GB,,,,,
Tablets,Apple,iPad Mini,Apple iPad mini with WiFi 16GB -White & Silver,Apple iPad Mini 16GB - WiFi,,2418,2059.2,2288,,Apple Asia Ltd,,102-APPIPM-MD531ZP/A,MD531ZP/A,,Apple iPad mini with WiFi 16GB -White & Silver,,,,,,,White & Silver,16GB,,,,,
Tablets,Apple,iPad Mini,Apple iPad mini with WiFi 32GB -White & Silver,Apple iPad Mini 32GB - WiFi,,3166.8,2779.2,3088,,Apple Asia Ltd,,102-APPIPM-MD532ZP/A,MD532ZP/A,,Apple iPad mini with WiFi 32GB -White & Silver,,,,,,,White & Silver,32GB,,,,,
Tablets,Apple,iPad Mini,Apple iPad mini with WiFi 64GB -White & Silver,Apple iPad Mini 64GB - WiFi,,3915.6,3499.2,3888,,Apple Asia Ltd,,102-APPIPM-MD533ZP/A,MD533ZP/A,,Apple iPad mini with WiFi 64GB -White & Silver,,,,,,,White & Silver,64GB,,,,,
Tablets,Apple,iPad Mini,Apple MINI IPAD WI-FI CELLULAR 32GB BLACK-ZPN,Apple iPad Mini 32GB - WiFi + Cellular,,4102.8,3679.2,4088,,Apple Asia Ltd,,102-APPIPM-MD541ZP/A,MD541ZP/A,,Apple MINI IPAD WI-FI CELLULAR 32GB BLACK-ZPN,,,,,,,BLACK,32GB,,,,,
Tablets,Apple,iPad Mini,Apple MINI IPAD WI-FI CELLULAR 64GB BLACK-ZPN,Apple iPad Mini 64GB - WiFi + Cellular,,4851.6,4399.2,4888,,Apple Asia Ltd,,102-APPIPM-MD542ZP/A,MD542ZP/A,,Apple MINI IPAD WI-FI CELLULAR 64GB BLACK-ZPN,,,,,,,BLACK,64GB,,,,,
Tablets,Apple,iPad Mini,Apple MINI IPAD WI-FI CELLULAR 16GB WHITE-ZPN,Apple iPad Mini 16GB - WiFi + Cellular,,3354,2959.2,3288,,Apple Asia Ltd,,102-APPIPM-MD543ZP/A,MD543ZP/A,,Apple MINI IPAD WI-FI CELLULAR 16GB WHITE-ZPN,,,,,,,WHITE,16GB,,,,,
Tablets,Apple,iPad Mini,Apple MINI IPAD WI-FI CELLULAR 32GB WHITE-ZPN,Apple iPad Mini 32GB - WiFi + Cellular,,4102.8,3679.2,4088,,Apple Asia Ltd,,102-APPIPM-MD544ZP/A,MD544ZP/A,,Apple MINI IPAD WI-FI CELLULAR 32GB WHITE-ZPN,,,,,,,WHITE,32GB,,,,,
Tablets,Apple,iPad Mini,Apple MINI IPAD WI-FI CELLULAR 64GB WHITE-ZPN,Apple iPad Mini 64GB - WiFi + Cellular,,4851.6,4399.2,4888,,Apple Asia Ltd,,102-APPIPM-MD545ZP/A,MD545ZP/A,,Apple MINI IPAD WI-FI CELLULAR 64GB WHITE-ZPN,,,,,,,WHITE,64GB,,,,,
Tablets,Apple,iPad Mini Retina,Apple iPad mini Retina Wi-Fi 16GB - Space Grey,Apple iPad Mini with Retina Display 16GB - WiFi,,2878.6,2779.2,3088,,Apple Asia Ltd,,102-APPIMR-ME276ZP/A,ME276ZP/A,,Apple iPad mini Retina Wi-Fi 16GB - Space Grey,,,,,,,Space Grey,16GB,,,,,
Tablets,Apple,iPad Mini Retina,Apple iPad mini Retina Wi-Fi 32GB - Space Grey,Apple iPad Mini with Retina Display 32GB - WiFi,,3625.48,3499.2,3888,,Apple Asia Ltd,,102-APPIMR-ME277ZP/A,ME277ZP/A,,Apple iPad mini Retina Wi-Fi 32GB - Space Grey,,,,,,,Space Grey,32GB,,,,,
Tablets,Apple,iPad Mini Retina,Apple iPad mini Retina Wi-Fi 64GB - Space Grey,Apple iPad Mini with Retina Display 64GB - WiFi,,4372.36,4219.2,4688,,Apple Asia Ltd,,102-APPIMR-ME278ZP/A,ME278ZP/A,,Apple iPad mini Retina Wi-Fi 64GB - Space Grey,,,,,,,Space Grey,64GB,,,,,
Tablets,Apple,iPad Mini Retina,Apple iPad mini Retina Wi-Fi 16GB - Silver,Apple iPad Mini with Retina Display 16GB - WiFi,,2878.6,2779.2,3088,,Apple Asia Ltd,,102-APPIMR-ME279ZP/A,ME279ZP/A,,Apple iPad mini Retina Wi-Fi 16GB - Silver,,,,,,,Silver,16GB,,,,,
Tablets,Apple,iPad Mini Retina,Apple iPad mini Retina Wi-Fi 32GB - Silver,Apple iPad Mini with Retina Display 32GB - WiFi,,3625.48,3499.2,3888,,Apple Asia Ltd,,102-APPIMR-ME280ZP/A,ME280ZP/A,,Apple iPad mini Retina Wi-Fi 32GB - Silver,,,,,,,Silver,32GB,,,,,
Tablets,Apple,iPad Mini Retina,Apple iPad mini Retina Wi-Fi 64GB - Silver,Apple iPad Mini with Retina Display 64GB - WiFi,,4372.36,4219.2,4688,,Apple Asia Ltd,,102-APPIMR-ME281ZP/A,ME281ZP/A,,Apple iPad mini Retina Wi-Fi 64GB - Silver,,,,,,,Silver,64GB,,,,,
Tablets,Apple,iPad Mini Retina,Apple iPad mini Retina Wi-Fi+Cellular 16GB-Spa,Apple iPad Mini with Retina Display 16GB - WiFi + Cellular,,3812.2,3679.2,4088,,Apple Asia Ltd,,102-APPIMR-ME800ZP/A,ME800ZP/A,,Apple iPad mini Retina Wi-Fi+Cellular 16GB-Spa,,,,,,,Space Grey,16GB,,,,,
Tablets,Apple,iPad Mini Retina,Apple iPad mini Retina Wi-Fi+Cellular 16GB-Sil,Apple iPad Mini with Retina Display 16GB - WiFi + Cellular,,3812.2,3679.2,4088,,Apple Asia Ltd,,102-APPIMR-ME814ZP/A,ME814ZP/A,,Apple iPad mini Retina Wi-Fi+Cellular 16GB-Sil,,,,,,,Silver,16GB,,,,,
Tablets,Apple,iPad Mini Retina,Apple iPad mini Retina Wi-Fi+Cellular 32GB-Spa,Apple iPad Mini with Retina Display 32GB - WiFi + Cellular,,4559.08,4399.2,4888,,Apple Asia Ltd,,102-APPIMR-ME820ZP/A,ME820ZP/A,,Apple iPad mini Retina Wi-Fi+Cellular 32GB-Spa,,,,,,,Space Grey,32GB,,,,,
Tablets,Apple,iPad Mini Retina,Apple iPad mini Retina Wi-Fi+Cellular 32GB-Sil,Apple iPad Mini with Retina Display 32GB - WiFi + Cellular,,4559.08,4399.2,4888,,Apple Asia Ltd,,102-APPIMR-ME824ZP/A,ME824ZP/A,,Apple iPad mini Retina Wi-Fi+Cellular 32GB-Sil,,,,,,,Silver,32GB,,,,,
Tablets,Apple,iPad Mini Retina,Apple iPad mini Retina Wi-Fi+Cellular 64GB-Spa,Apple iPad Mini with Retina Display 64GB - WiFi + Cellular,,5305.96,5119.2,5688,,Apple Asia Ltd,,102-APPIMR-ME828ZP/A,ME828ZP/A,,Apple iPad mini Retina Wi-Fi+Cellular 64GB-Spa,,,,,,,Space Grey,64GB,,,,,
Tablets,Apple,iPad Mini Retina,Apple iPad mini Retina Wi-Fi+Cellular 64GB-Sil,Apple iPad Mini with Retina Display 64GB - WiFi + Cellular,,5305.96,5119.2,5688,,Apple Asia Ltd,,102-APPIMR-ME832ZP/A,ME832ZP/A,,Apple iPad mini Retina Wi-Fi+Cellular 64GB-Sil,,,,,,,Silver,64GB,,,,,
Tablets,Apple,iPad Mini Retina,Apple iPad mini Retina Wi-Fi+Cellular 128GB-Sp,Apple iPad Mini with Retina Display 128GB - WiFi + Cellular,,6052.84,5839.2,6488,,Apple Asia Ltd,,102-APPIMR-ME836ZP/A,ME836ZP/A,,Apple iPad mini Retina Wi-Fi+Cellular 128GB-Sp,,,,,,,Space Grey,128GB,,,,,
Tablets,Apple,iPad Mini Retina,Apple iPad mini Retina Wi-Fi+Cellular 128GB-Si,Apple iPad Mini with Retina Display 128GB - WiFi + Cellular,,6052.84,5839.2,6488,,Apple Asia Ltd,,102-APPIMR-ME840ZP/A,ME840ZP/A,,Apple iPad mini Retina Wi-Fi+Cellular 128GB-Si,,,,,,,Silver,128GB,,,,,
Tablets,Apple,iPad Mini Retina,Apple iPad mini Retina Wi-Fi 128GB -Space Grey,Apple iPad Mini with Retina Display 128GB - WiFi,,5119.24,4939.2,5488,,Apple Asia Ltd,,102-APPIMR-ME856ZP/A,ME856ZP/A,,Apple iPad mini Retina Wi-Fi 128GB -Space Grey,,,,,,,Space Grey,128GB,,,,,
Tablets,Apple,iPad Mini Retina,Apple iPad mini Retina Wi-Fi 128GB - Silver,Apple iPad Mini with Retina Display 128GB - WiFi,,5119.24,4939.2,5488,,Apple Asia Ltd,,102-APPIMR-ME860ZP/A,ME860ZP/A,,Apple iPad mini Retina Wi-Fi 128GB - Silver,,,,,,,Silver,128GB,,,,,
Tablets,Apple,iPad Air,Apple iPad Air Wi-Fi 16GB - Space Grey,Apple iPad Air 16GB - WiFi,,3586.58,3499.2,3888,1.5,Apple Asia Ltd,,102-APPIPA-MD785ZP/A,MD785ZP/A,,Apple iPad Air Wi-Fi 16GB - Space Grey,,http://www.dropshipgs.com/images/detailed/8/Apple_iPad_Air.jpg,,,,,Space Grey,16GB,,,,,
Tablets,Apple,iPad Air,Apple iPad Air Wi-Fi 32GB - Space Grey,Apple iPad Air 32GB - WiFi,,4232.32,4219.2,4688,1.5,Apple Asia Ltd,,102-APPIPA-MD786ZP/A,MD786ZP/A,,Apple iPad Air Wi-Fi 32GB - Space Grey,,http://www.dropshipgs.com/images/detailed/8/Apple_iPad_Air13837251075279f83347b80.jpg,,,,,Space Grey,32GB,,,,,
Tablets,Apple,iPad Air,Apple iPad Air Wi-Fi 64GB - Space Grey,Apple iPad Air 64GB - WiFi,,4955.86,4939.2,5488,1.5,Apple Asia Ltd,,102-APPIPA-MD787ZP/A,MD787ZP/A,,Apple iPad Air Wi-Fi 64GB - Space Grey,,http://www.dropshipgs.com/images/detailed/8/Apple_iPad_Air13837253235279f90b54557.jpg,,,,,Space Grey,64GB,,,,,
Tablets,Apple,iPad Air,Apple iPad Air Wi-Fi 16GB - Silver,Apple iPad Air 16GB - WiFi,,3586.58,3499.2,3888,1.5,Apple Asia Ltd,,102-APPIPA-MD788ZP/A,MD788ZP/A,,Apple iPad Air Wi-Fi 16GB - Silver,,http://www.dropshipgs.com/images/detailed/8/Apple_iPad_Air.jpg,,,,,Silver,16GB,,,,,
Tablets,Apple,iPad Air,Apple iPad Air Wi-Fi 32GB - Silver,Apple iPad Air 32GB - WiFi,,4232.32,4219.2,4688,1.5,Apple Asia Ltd,,102-APPIPA-MD789ZP/A,MD789ZP/A,,Apple iPad Air Wi-Fi 32GB - Silver,,http://www.dropshipgs.com/images/detailed/8/Apple_iPad_Air13837251075279f83347b80.jpg,,,,,Silver,32GB,,,,,
Tablets,Apple,iPad Air,Apple iPad Air Wi-Fi 64GB - Silver,Apple iPad Air 64GB - WiFi,,4955.86,4939.2,5488,1.5,Apple Asia Ltd,,102-APPIPA-MD790ZP/A,MD790ZP/A,,Apple iPad Air Wi-Fi 64GB - Silver,,http://www.dropshipgs.com/images/detailed/8/Apple_iPad_Air13837253235279f90b54557.jpg,,,,,Silver,64GB,,,,,
Tablets,Apple,iPad Air,Apple iPad Air Wi-Fi+Cellular 16GB - Space Gre,Apple iPad Air 16GB - WiFi + Cellular,,4512.4,4399.2,4888,,Apple Asia Ltd,,102-APPIPA-MD791ZP/A,MD791ZP/A,,Apple iPad Air Wi-Fi+Cellular 16GB - Space Gre,,,,,,,Space Grey,16GB,,,,,
Tablets,Apple,iPad Air,Apple iPad Air Wi-Fi+Cellular 32GB - Space Gre,Apple iPad Air 32GB - WiFi + Cellular,,5134.8,5119.2,5688,,Apple Asia Ltd,,102-APPIPA-MD792ZP/A,MD792ZP/A,,Apple iPad Air Wi-Fi+Cellular 32GB - Space Gre,,,,,,,Space Grey,32GB,,,,,
Tablets,Apple,iPad Air,Apple iPad Air Wi-Fi+Cellular 64GB - Space Gre,Apple iPad Air 64GB - WiFi + Cellular,,5858.34,5839.2,6488,,Apple Asia Ltd,,102-APPIPA-MD793ZP/A,MD793ZP/A,,Apple iPad Air Wi-Fi+Cellular 64GB - Space Gre,,,,,,,Space Grey,64GB,,,,,
Tablets,Apple,iPad Air,Apple iPad Air Wi-Fi+Cellular 16GB - Silver,Apple iPad Air 16GB - WiFi + Cellular,,4512.4,4399.2,4888,,Apple Asia Ltd,,102-APPIPA-MD794ZP/A,MD794ZP/A,,Apple iPad Air Wi-Fi+Cellular 16GB - Silver,,,,,,,Silver,16GB,,,,,
Tablets,Apple,iPad Air,Apple iPad Air Wi-Fi+Cellular 32GB - Silver,Apple iPad Air 32GB - WiFi + Cellular,,5134.8,5119.2,5688,,Apple Asia Ltd,,102-APPIPA-MD795ZP/A,MD795ZP/A,,Apple iPad Air Wi-Fi+Cellular 32GB - Silver,,,,,,,Silver,32GB,,,,,
Tablets,Apple,iPad Air,Apple iPad Air Wi-Fi+Cellular 64GB - Silver,Apple iPad Air 64GB - WiFi + Cellular,,5858.34,5839.2,6488,,Apple Asia Ltd,,102-APPIPA-MD796ZP/A,MD796ZP/A,,Apple iPad Air Wi-Fi+Cellular 64GB - Silver,,,,,,,Silver,64GB,,,,,
Tablets,Apple,iPad Air,Apple iPad Air Wi-Fi 128GB - Space Grey,Apple iPad Air 128GB - WiFi,,5679.4,5659.2,6288,,Apple Asia Ltd,,102-APPIPA-ME898ZP/A,ME898ZP/A,,Apple iPad Air Wi-Fi 128GB - Space Grey,,,,,,,Space Grey,128GB,,,,,
Tablets,Apple,iPad Air,Apple iPad Air Wi-Fi 128GB - Silver,Apple iPad Air 128GB - WiFi,,5679.4,5659.2,6288,,Apple Asia Ltd,,102-APPIPA-ME906ZP/A,ME906ZP/A,,Apple iPad Air Wi-Fi 128GB - Silver,,,,,,,Silver,128GB,,,,,
Tablets,Apple,iPad Air,Apple iPad Air Wi-Fi+Cellular 128GB - Space Gr,Apple iPad Air 128GB - WiFi + Cellular,,6581.88,6559.2,7288,,Apple Asia Ltd,,102-APPIPA-ME987ZP/A,ME987ZP/A,,Apple iPad Air Wi-Fi+Cellular 128GB - Space Gr,,,,,,,Space Grey,128GB,,,,,
Tablets,Apple,iPad Air,Apple iPad Air Wi-Fi+Cellular 128GB - Silver,Apple iPad Air 128GB - WiFi + Cellular,,6581.88,6559.2,7288,,Apple Asia Ltd,,102-APPIPA-ME988ZP/A,ME988ZP/A,,Apple iPad Air Wi-Fi+Cellular 128GB - Silver,,,,,,,Silver,128GB,,,,,
Mobile Phones,Apple,IPHONE4S,Apple iPhone 4s 8GB Black (GSM),Apple iPhone 4s 8GB,,3252.04,3139.2,3488,,Apple Asia Ltd,,101-APPI4S-MF265ZP/A,MF265ZP/A,,Apple iPhone 4s 8GB Black (GSM),,,,,,,Black,8GB,,,,,
Mobile Phones,Apple,IPHONE4S,Apple iPhone 4s 8GB White (GSM),Apple iPhone 4s 8GB,,3252.04,3139.2,3488,,Apple Asia Ltd,,101-APPI4S-MF266ZP/A,MF266ZP/A,,Apple iPhone 4s 8GB White (GSM),,,,,,,White,8GB,,,,,
Mobile Phones,Apple,IPHONE5C,Apple iPhone 5c 16GB White,Apple iPhone 5c 16GB,,4356.8,4219.2,4688,,Apple Asia Ltd,,101-APPI5C-MF321ZP/A,MF321ZP/A,,Apple iPhone 5c 16GB White,,http://www.dropshipgs.com/images/detailed/8/33136_Apple-iPhone-5c-16GB-2.jpg,,,,,White,16GB,,,,,
Mobile Phones,Apple,IPHONE5C,Apple iPhone 5c 16GB Yellow,Apple iPhone 5c 16GB,,4356.8,4219.2,4688,,Apple Asia Ltd,,101-APPI5C-MF322ZP/A,MF322ZP/A,,Apple iPhone 5c 16GB Yellow,,http://www.dropshipgs.com/images/detailed/8/33136_Apple-iPhone-5c-16GB-2.jpg,,,,,Yellow,16GB,,,,,
Mobile Phones,Apple,IPHONE5C,Apple iPhone 5c 16GB Blue,Apple iPhone 5c 16GB,,4356.8,4219.2,4688,,Apple Asia Ltd,,101-APPI5C-MF323ZP/A,MF323ZP/A,,Apple iPhone 5c 16GB Blue,,http://www.dropshipgs.com/images/detailed/8/33136_Apple-iPhone-5c-16GB-2.jpg,,,,,Blue,16GB,,,,,
Mobile Phones,Apple,IPHONE5C,Apple iPhone 5c 16GB Green,Apple iPhone 5c 16GB,,4356.8,4219.2,4688,,Apple Asia Ltd,,101-APPI5C-MF324ZP/A,MF324ZP/A,,Apple iPhone 5c 16GB Green,,http://www.dropshipgs.com/images/detailed/8/33136_Apple-iPhone-5c-16GB-2.jpg,,,,,Green,16GB,,,,,
Mobile Phones,Apple,IPHONE5C,Apple iPhone 5c 16GB Pink,Apple iPhone 5c 16GB,,4356.8,4219.2,4688,,Apple Asia Ltd,,101-APPI5C-MF325ZP/A,MF325ZP/A,,Apple iPhone 5c 16GB Pink,,http://www.dropshipgs.com/images/detailed/8/33136_Apple-iPhone-5c-16GB-2.jpg,,,,,Pink,16GB,,,,,
Mobile Phones,Apple,IPHONE5C,Apple iPhone 5c 32GB White,Apple iPhone 5c 32GB,,5150.36,4319.1,4799,,Apple Asia Ltd,,101-APPI5C-MF326ZP/A,MF326ZP/A,,Apple iPhone 5c 32GB White,,http://www.dropshipgs.com/images/detailed/8/33136_Apple-iPhone-5c-16GB-2.jpg,,,,,White,32GB,,,,,
Mobile Phones,Apple,IPHONE5C,Apple iPhone 5c 32GB Yellow,Apple iPhone 5c 32GB,,5150.36,4319.1,4799,,Apple Asia Ltd,,101-APPI5C-MF327ZP/A,MF327ZP/A,,Apple iPhone 5c 32GB Yellow,,http://www.dropshipgs.com/images/detailed/8/33136_Apple-iPhone-5c-16GB-2.jpg,,,,,Yellow,32GB,,,,,
Mobile Phones,Apple,IPHONE5C,Apple iPhone 5c 32GB Blue,Apple iPhone 5c 32GB,,4356.8,4319.1,4799,,Apple Asia Ltd,,101-APPI5C-MF328ZP/A,MF328ZP/A,,Apple iPhone 5c 32GB Blue,,http://www.dropshipgs.com/images/detailed/8/33136_Apple-iPhone-5c-16GB-2.jpg,,,,,Blue,32GB,,,,,
Mobile Phones,Apple,IPHONE5C,Apple iPhone 5c 32GB Green,Apple iPhone 5c 32GB,,5150.36,4319.1,4799,,Apple Asia Ltd,,101-APPI5C-MF329ZP/A,MF329ZP/A,,Apple iPhone 5c 32GB Green,,http://www.dropshipgs.com/images/detailed/8/33136_Apple-iPhone-5c-16GB-2.jpg,,,,,Green,32GB,,,,,
Mobile Phones,Apple,IPHONE5C,Apple iPhone 5c 32GB Pink,Apple iPhone 5c 32GB,,5150.36,4319.1,4799,,Apple Asia Ltd,,101-APPI5C-MF330ZP/A,MF330ZP/A,,Apple iPhone 5c 32GB Pink,,http://www.dropshipgs.com/images/detailed/8/33136_Apple-iPhone-5c-16GB-2.jpg,,,,,Pink,32GB,,,,,
Mobile Phones,Apple,IPHONE5S,Apple iPhone 5s 16GB Space Grey,Apple iPhone 5s 16GB,,5150.36,5029.2,5588,1,Apple Asia Ltd,,101-APPI5S-MF352ZP/A,MF352ZP/A,,Apple iPhone 5s 16GB Space Grey,,http://www.dropshipgs.com/images/detailed/8/Apple-iPhone-5s-1.jpg,,,,,Space Grey,16GB,,,,,
Mobile Phones,Apple,IPHONE5S,Apple iPhone 5s 16GB Silver,Apple iPhone 5s 16GB,,5150.36,5029.2,5588,1,Apple Asia Ltd,,101-APPI5S-MF353ZP/A,MF353ZP/A,,Apple iPhone 5s 16GB Silver,,http://www.dropshipgs.com/images/detailed/8/Apple-iPhone-5s-1.jpg,,,,,Silver,16GB,,,,,
Mobile Phones,Apple,IPHONE5S,Apple iPhone 5s 16GB Gold,Apple iPhone 5s 16GB,,5150.36,5029.2,5588,1,Apple Asia Ltd,,101-APPI5S-MF354ZP/A,MF354ZP/A,,Apple iPhone 5s 16GB Gold,,http://www.dropshipgs.com/images/detailed/8/Apple-iPhone-5s-1.jpg,,,,,Gold,16GB,,,,,
Mobile Phones,Apple,IPHONE5S,Apple iPhone 5s 32GB Space Grey,Apple iPhone 5s 32GB,,5943.92,5749.2,6388,1,Apple Asia Ltd,,101-APPI5S-MF355ZP/A,MF355ZP/A,,Apple iPhone 5s 32GB Space Grey,,http://www.dropshipgs.com/images/detailed/8/Apple-iPhone-5s-1.jpg,,,,,Space Grey,32GB,,,,,
Mobile Phones,Apple,IPHONE5S,Apple iPhone 5s 32GB Silver,Apple iPhone 5s 32GB,,5943.92,5749.2,6388,1,Apple Asia Ltd,,101-APPI5S-MF356ZP/A,MF356ZP/A,,Apple iPhone 5s 32GB Silver,,http://www.dropshipgs.com/images/detailed/8/Apple-iPhone-5s-1.jpg,,,,,Silver,32GB,,,,,
Mobile Phones,Apple,IPHONE5S,Apple iPhone 5s 32GB Gold,Apple iPhone 5s 32GB,,5943.92,5749.2,6388,1,Apple Asia Ltd,,101-APPI5S-MF357ZP/A,MF357ZP/A,,Apple iPhone 5s 32GB Gold,,http://www.dropshipgs.com/images/detailed/8/Apple-iPhone-5s-1.jpg,,,,,Gold,32GB,,,,,
Mobile Phones,Apple,IPHONE5S,Apple iPhone 5s 64GB Space Grey,Apple iPhone 5s 64GB,,6737.48,6469.2,7188,1,Apple Asia Ltd,,101-APPI5S-MF358ZP/A,MF358ZP/A,,Apple iPhone 5s 64GB Space Grey,,http://www.dropshipgs.com/images/detailed/8/Apple-iPhone-5s-1.jpg,,,,,Space Grey,64GB,,,,,
Mobile Phones,Apple,IPHONE5S,Apple iPhone 5s 64GB Silver,Apple iPhone 5s 64GB,,6737.48,6469.2,7188,1,Apple Asia Ltd,,101-APPI5S-MF359ZP/A,MF359ZP/A,,Apple iPhone 5s 64GB Silver,,http://www.dropshipgs.com/images/detailed/8/Apple-iPhone-5s-1.jpg,,,,,Silver,64GB,,,,,
Mobile Phones,Apple,IPHONE5S,Apple iPhone 5s 64GB Gold,Apple iPhone 5s 64GB,,6737.48,6469.2,7188,1,Apple Asia Ltd,,101-APPI5S-MF360ZP/A,MF360ZP/A,,Apple iPhone 5s 64GB Gold,,http://www.dropshipgs.com/images/detailed/8/Apple-iPhone-5s-1.jpg,,,,,Gold,64GB,,,,,
Laptops,Apple,iMac,Apple iMac 21.5-inch:2.7GHz quad-core Intel i5,Apple iMac 21.5-inch 2.7GHz quad-core Intel i5,,9125.94,8899.2,9888,,Apple Asia Ltd,,103-APPIMC-ME086ZP/A,ME086ZP/A,,Apple iMac 21.5-inch:2.7GHz quad-core Intel i5,,,,,,,,,21.5inch,,,,
Laptops,Apple,iMac,Apple  iMac 21.5-inch: 2.9GHz quad-core i5,Apple iMac 21.5-inch 2.9GHz quad-core i5,,10604.14,10339.2,11488,,Apple Asia Ltd,,103-APPIMC-ME087ZP/A,ME087ZP/A,,Apple  iMac 21.5-inch: 2.9GHz quad-core i5,,,,,,,,,21.5inch,,,,
Laptops,Apple,iMac,Apple iMac 27-inch:3.2GHz quad-core Intel i5,Apple iMac 27-inch 3.2GHz quad-core Intel i5,,12821.44,12499.2,13888,,Apple Asia Ltd,,103-APPIMC-ME088ZP/A,ME088ZP/A,,Apple iMac 27-inch:3.2GHz quad-core Intel i5,,,,,,,,,27inch,,,,
Laptops,Apple,Mac Mini,Apple Mac mini 2.5GHz dual-core Intel Core i5,Apple Mac mini 2.5GHz dual-core Intel Core i5,,4336.8,4219.2,4688,1.5,Apple Asia Ltd,,103-APPMCM-MD387ZP/A,MD387ZP/A,,Apple Mac mini 2.5GHz dual-core Intel Core i5,,http://www.dropshipgs.com/images/detailed/6/2012-macmini-step1-hero.jpg,,,,,,,11inch,,,,
Laptops,Apple,Mac Mini,Apple Mac mini 2.3GHz quad-core Intel Core i7,Apple Mac mini 2.3GHz quad-core Intel Core i7,,5818.8,5659.2,6288,,Apple Asia Ltd,,103-APPMCM-MD388ZP/A,MD388ZP/A,,Apple Mac mini 2.3GHz quad-core Intel Core i7,,,,,,,,,13inch,,,,
Laptops,Apple,Mac Mini,Apple Mac mini 2.3GHZ with MAC OS X SERVER,Apple Mac mini 2.3GHZ with Mac OS X Server,,7300.8,7099.2,7888,,Apple Asia Ltd,,103-APPMCM-MD389ZP/A,MD389ZP/A,,Apple Mac mini 2.3GHZ with MAC OS X SERVER,,,,,,,,,13inch,,,,
Laptops,Apple,MacBook Air,Apple MACBOOK AIR 11 inch: 128GB,Apple MacBook Air 128GB 1.7GHz,,7839,7639.2,8488,,Apple Asia Ltd,,103-APPMBA-MD224ZP/A,MD224ZP/A,,Apple MACBOOK AIR 11 inch: 128GB,,,,,,,,128GB,11inch,,,,
Laptops,Apple,MacBook Air,Apple MACBOOK AIR 13inch: 128GB,Apple MacBook Air 128GB 1.8GHz,,8486.4,8269.2,9188,,Apple Asia Ltd,,103-APPMBA-MD231ZP/A,MD231ZP/A,,Apple MACBOOK AIR 13inch: 128GB,,,,,,,,128GB,13inch,,,,
Laptops,Apple,MacBook Air,Apple MACBOOK AIR 13 inch: 256GB,Apple MacBook Air 256GB 1.8GHz,,10615.8,9799.2,10888,,Apple Asia Ltd,,103-APPMBA-MD232ZP/A,MD232ZP/A,,Apple MACBOOK AIR 13 inch: 256GB,,,,,,,,,13inch,,,,
Laptops,Apple,MacBook Air,Apple MACBOOK AIR 11 inch: 128GB,Apple MacBook Air 128GB 1.3GHz,,7087.58,6919.2,7688,3,Apple Asia Ltd,,103-APPMBA-MD711ZP/A,MD711ZP/A,,Apple MACBOOK AIR 11 inch: 128GB,,http://www.dropshipgs.com/images/detailed/9/macbook-air-11-step1-hero-2013.png,,,,,,128GB,11inch,,,,
Laptops,Apple,MacBook Air,Apple MACBOOK AIR 11 inch: 256GB,Apple MacBook Air 256GB 1.3GHz,,8472.42,8269.2,9188,2.5,Apple Asia Ltd,,103-APPMBA-MD712ZP/A,MD712ZP/A,,Apple MACBOOK AIR 11 inch: 256GB,,http://www.dropshipgs.com/images/detailed/9/macbook-air-11-step1-hero-2013139995102153718ead439b2.png,,,,,,,11inch,,,,
Laptops,Apple,MacBook Air,Apple MACBOOK AIR 13inch: 128GB,Apple MacBook Air 128GB 1.3GHz,,7826.68,7639.2,8488,,Apple Asia Ltd,,103-APPMBA-MD760ZP/A,MD760ZP/A,,Apple MACBOOK AIR 13inch: 128GB,,,,,,,,128GB,13inch,,,,
Laptops,Apple,MacBook Air,Apple MACBOOK AIR 13 inch: 256GB,Apple MacBook Air 256GB 1.3GHz,,9211.52,8989.2,9988,3.5,Apple Asia Ltd,,103-APPMBA-MD761ZP/A,MD761ZP/A,,Apple MACBOOK AIR 13 inch: 256GB,,http://www.dropshipgs.com/images/detailed/8/macbook-air-11-step1-hero-2013.jpg,,,,,,,13inch,,,,
Laptops,Apple,MacBook Pro,Apple MBP 15-inch: 2.3GHz Retina Display  i7,Apple MacBook Pro with Retina Display 2.3GHz,,15264.6,14299.2,15888,,Apple Asia Ltd,,103-APPMBP-MC975ZP/A,MC975ZP/A,,Apple MBP 15-inch: 2.3GHz Retina Display  i7,,,,,,,,,15inch,,,,
Laptops,Apple,MacBook Pro,Apple MBP 13-inch: 2.9GHz Dual-core i7,Apple MacBook Pro 2.9GHz,,10615.8,10339.2,11488,,Apple Asia Ltd,,103-APPMBP-MD102ZP/A,MD102ZP/A,,Apple MBP 13-inch: 2.9GHz Dual-core i7,,,,,,,,,13inch,,,,
Laptops,Apple,MacBook Pro,Apple MBP 15-inch: 2.3GHz Quad-core i7,Apple MacBook Pro 2.3GHz,,12831,12499.2,13888,,Apple Asia Ltd,,103-APPMBP-MD103ZP/A,MD103ZP/A,,Apple MBP 15-inch: 2.3GHz Quad-core i7,,,,,,,,,15inch,,,,
Laptops,Apple,MacBook Pro,Apple MBP 15-inch: 2.6GHz Quad-core i7,Apple MacBook Pro 2.6GHz,,15264.6,15199.2,16888,,Apple Asia Ltd,,103-APPMBP-MD104ZP/A,MD104ZP/A,,Apple MBP 15-inch: 2.6GHz Quad-core i7,,,,,,,,,15inch,,,,
Laptops,Apple,MacBook Pro,Apple MBP 13-inch: 2.5GHz Retina Display(128G),Apple MacBook Pro with Retina Display 2.5GHz,,10604.4,10339.2,11488,,Apple Asia Ltd,,103-APPMBP-MD212ZP/A,MD212ZP/A,,Apple MBP 13-inch: 2.5GHz Retina Display(128G),,,,,,,,,13inch,,,,
Laptops,Apple,MacBook Pro,"Apple MBP 15"" with Retina Display: 2.0GHz i7",Apple MacBook Pro with Retina Display 2.0GHz,,13801.72,13759.2,15288,2.5,Apple Asia Ltd,,103-APPMBP-ME293ZP/A,ME293ZP/A,,"Apple MBP 15"" with Retina Display: 2.0GHz i7",,http://www.dropshipgs.com/images/detailed/8/MBP.jpg,,,,,,,15inch,,,,
Laptops,Apple,MacBook Pro,Apple MBP 15-inch: 2.4GHz Retina Display  i7,Apple MacBook Pro 15-inch with Retina Display,,15288,15199.2,16888,,Apple Asia Ltd,,103-APPMBP-ME664ZP/A,ME664ZP/A,,Apple MBP 15-inch: 2.4GHz Retina Display  i7,,,,,,,,,15inch,,,,
Laptops,Apple,MacBook Pro,Apple MBP 15-inch: 2.7GHz Retina Display i7,Apple MacBook Pro with Retina Display 2.7GHz,,19445.4,19339.2,21488,,Apple Asia Ltd,,103-APPMBP-ME665ZP/A,ME665ZP/A,,Apple MBP 15-inch: 2.7GHz Retina Display i7,,,,,,,,,15inch,,,,
Laptops,Apple,MacBook Pro,"Apple MBP 13""  Retina Display: 2.4GHz i5,128GB",Apple MacBook Pro 13-inch with Retina Display,,9219.3,8989.2,9988,2.5,Apple Asia Ltd,,103-APPMBP-ME864ZP/A,ME864ZP/A,,"Apple MBP 13""  Retina Display: 2.4GHz i5,128GB",,http://www.dropshipgs.com/images/detailed/8/ME86.jpg,,,,,,128GB,13inch,,,,
Laptops,Apple,MacBook Pro,"Apple MBP 13""  Retina Display: 2.4GHz i5,256GB",Apple MacBook Pro 13-inch with Retina Display,,10604.14,10339.2,11488,2.5,Apple Asia Ltd,,103-APPMBP-ME865ZP/A,ME865ZP/A,,"Apple MBP 13""  Retina Display: 2.4GHz i5,256GB",,http://www.dropshipgs.com/images/detailed/8/ME8613843140305282f4ae7e79c.jpg,,,,,,256GB,13inch,,,,
Laptops,Apple,MacBook Pro,"Apple MBP 13""  Retina Display: 2.6GHz i5",Apple MacBook Pro with Retina Display 2.6GHz,,12821.44,12499.2,13888,2.5,Apple Asia Ltd,,103-APPMBP-ME866ZP/A,ME866ZP/A,,"Apple MBP 13""  Retina Display: 2.6GHz i5",,http://www.dropshipgs.com/images/detailed/8/ME8613843140705282f4d67faf3.jpg,,,,,,,13inch,,,,
Laptops,Apple,Display,Apple 27-INCH LED CINEMA DISPLAY-ITP COO,Apple 27-Inch LED Cinema Display,,6122.22,6919.2,7688,,Apple Asia Ltd,,103-APPDSP-MC007ZP/A,MC007ZP/A,,Apple 27-INCH LED CINEMA DISPLAY-ITP COO,,,,,,,,,27inch,,,,
Laptops,Apple,Display,Apple Thunderbolt Display - ITP,Apple Thunderbolt Display,,6926.4,6919.2,7688,,Apple Asia Ltd,,103-APPDSP-MC914ZP/B,MC914ZP/B,,Apple Thunderbolt Display - ITP,,,,,,,,,,,,,
Laptops,Apple,Apple TV,Apple TV - HKG,Apple TV,,694.2,709.2,788,,Apple Asia Ltd,,103-APPATV-MD199HK/A,MD199HK/A,,Apple TV - HKG,,,,,,,,,,,,,
Accessories,Laptops Accessories,Cable,Apple LIGHTNING TO USB CABLE (1M),Apple Lighting to USB Cable,,119.34,133.2,148,,Apple Asia Ltd,,203-APPCAB-MD818ZM/A,MD818ZM/A,,Apple LIGHTNING TO USB CABLE (1M),,,,,,,,,1m,,,,
Accessories,Laptops Accessories,Cable,Apple Lightning to USB Cable (2 m),Apple Lighting to USB Cable,,171.16,205.2,228,,Apple Asia Ltd,,203-APPCAB-MD819ZM/A,MD819ZM/A,,Apple Lightning to USB Cable (2 m),,,,,,,,,2m,,,,
Accessories,Laptops Accessories,Cable,Apple Lightning to USB Cable (0.5 m),Apple Lighting to USB Cable,,111.25,133.2,148,,Apple Asia Ltd,,203-APPCAB-ME291ZM/A,ME291ZM/A,,Apple Lightning to USB Cable (0.5 m),,,,,,,,,0.5m,,,,
Accessories,Laptops Accessories,Cable,Apple DOCK CONNECTOR TO USB CABLE,Apple Dock Connector to USB Cable,,110.48,133.2,148,,Apple Asia Ltd,,203-APPCAB-MA591G/C,MA591G/C,,Apple DOCK CONNECTOR TO USB CABLE,,,,,,,,,,,,,
Accessories,Laptops Accessories,Keyboard,Apple Keyboard with Numeric Keypad,Apple Keyboard with Numeric Keypad,,327.6,333,370,,Apple Asia Ltd,,203-APPKBD-MB110LL/B,MB110LL/B,,Apple Keyboard with Numeric Keypad,,,,,,,,,,,,,
Accessories,Laptops Accessories,Keyboard,Apple Wireless Keyboard- USA,Apple Wireless Keyboard,,452.4,466.2,518,,Apple Asia Ltd,,203-APPKBD-MC184LL/B,MC184LL/B,,Apple Wireless Keyboard- USA,,,,,,,,,,,,,
Accessories,Laptops Accessories,Mouse,Apple MOUSE-ZML,Apple Mouse,,327.6,333,370,,Apple Asia Ltd,,203-APPMOU-MB112ZM/B,MB112ZM/B,,Apple MOUSE-ZML,,,,,,,,,,,,,
Accessories,Laptops Accessories,Mouse,Apple Magic Mouse,Apple Magic Mouse,,452.4,466.2,518,0.5,Apple Asia Ltd,,203-APPMOU-MB829ZM/A,MB829ZM/A,,Apple Magic Mouse,,http://www.dropshipgs.com/images/detailed/8/magic_mouse.jpg,,,,,,,,,,,
Accessories,Laptops Accessories,Router,Apple Airport Express Base Station-itp,Apple Airport Express Base Station,,631.8,646.2,718,,Apple Asia Ltd,,203-APPROU-MC414ZP/A,MC414ZP/A,,Apple Airport Express Base Station-itp,,,,,,,,,,,,,
Accessories,Laptops Accessories,Adapter,Apple MINI DISPLAYPORT TO DVI ADAPTER,Apple Mini DisplayPort to DVI Adapter,,195,198,220,,Apple Asia Ltd,,203-APPADT-MB570Z/B,MB570Z/B,,Apple MINI DISPLAYPORT TO DVI ADAPTER,,,,,,,,,,,,,
Accessories,Laptops Accessories,Adapter,Apple MINI DISPLAYPORT TO DUAL-LINK DVI,Apple Mini DisplayPort to Dual Link DVI Adapter,,655.2,675,750,,Apple Asia Ltd,,203-APPADT-MB571Z/A,MB571Z/A,,Apple MINI DISPLAYPORT TO DUAL-LINK DVI,,,,,,,,,,,,,
Accessories,Laptops Accessories,Adapter,Apple MINI DISPLAYPORT TO VGA ADAPTER,Apple Mini DisplayPort to VGA Adapter,,195,196.2,218,,Apple Asia Ltd,,203-APPADT-MB572Z/B,MB572Z/B,,Apple MINI DISPLAYPORT TO VGA ADAPTER,,,,,,,,,,,,,
Accessories,Laptops Accessories,Remote,Apple Remote(Aluminium),Apple Remote,,110.76,133.2,148,,Apple Asia Ltd,,203-APPREM-MC377ZM/A,MC377ZM/A,,Apple Remote(Aluminium),,,,,,,,,,,,,
Accessories,Laptops Accessories,Mouse,Apple MAGIC TRACKPAD - ZML,Apple Magic Trackpad,,452.4,466.2,518,,Apple Asia Ltd,,203-APPMOU-MC380ZM/A,MC380ZM/A,,Apple MAGIC TRACKPAD - ZML,,,,,,,,,,,,,
Accessories,Laptops Accessories,Adapter,Apple USB Ethernet Adapter -ZML,Apple USB Ethernet Adapter,,173.94,178.2,198,,Apple Asia Ltd,,203-APPADT-MC704ZM/A,MC704ZM/A,,Apple Apple USB Ethernet Adapter -ZML,,,,,,,,,,,,,
Accessories,Laptops Accessories,Adapter,Apple Thunderbolt to Gigabit Ethernet Adapter,Apple Thunderbolt to Gigabit Ethernet Adapter,,195,196.2,218,,Apple Asia Ltd,,203-APPADT-MD463ZM/A,MD463ZM/A,,Apple Thunderbolt to Gigabit Ethernet Adapter,,,,,,,,,,,,,
Accessories,Laptops Accessories,Adapter,Apple Thunderbolt to FireWire Adapter,Apple Thunderbolt to FireWire Adapter,,195,196.2,218,,Apple Asia Ltd,,203-APPADT-MD464ZM/A,MD464ZM/A,,Apple Thunderbolt to FireWire Adapter,,,,,,,,,,,,,
Accessories,Laptops Accessories,Adapter,Apple MAGSAFE TO MAGSAFE 2 CONVERTER-ZML,Apple MagSafe to MagSafe 2 Converter,,68.48,70.2,78,,Apple Asia Ltd,,203-APPADT-MD504ZM/A,MD504ZM/A,,Apple MAGSAFE TO MAGSAFE 2 CONVERTER-ZML,,,,,,,,,,,,,
Accessories,Laptops Accessories,Adapter,Apple 85W MagSafe 2 Power Adapter(Retina,Apple 85W MagSafe 2 Power Adapter,,514.8,529.2,588,,Apple Asia Ltd,,203-APPADT-MD506B/A,MD506B/A,,Apple 85W MagSafe 2 Power Adapter(Retina,,,,,,,,,,,,,85W
Accessories,Laptops Accessories,External Storage,Apple USB SuperDrive,Apple USB SuperDrive,,514.8,529.2,588,,Apple Asia Ltd,,203-APPESG-MD564ZM/A,MD564ZM/A,,Apple USB SuperDrive,,,,,,,,,,,,,
Accessories,Laptops Accessories,Adapter,Apple 45W MagSafe 2 Power Adapter-MBA,Apple 45W MagSafe 2 Power Adapter for MacBook Air,,514.8,529.2,588,,Apple Asia Ltd,,203-APPADT-MD592B/A,MD592B/A,,Apple 45W MagSafe 2 Power Adapter-MBA,,,,,,,,,,,,,
Accessories,Laptops Accessories,Cable,Apple HDMI to HDMI Cable (1.8m)-ZML,Apple HDMI to HDMI Cable,,129.92,133.2,148,,Apple Asia Ltd,,203-APPCAB-MC838ZM/B,MC838ZM/B,,Apple HDMI to HDMI Cable (1.8m)-ZML,,,,,,,,,1.8m,,,,
Accessories,Laptops Accessories,Cable,Apple DIGITAL AV ADAPTER-ZML,Apple Digital AV Adapter,,226.2,268.2,298,,Apple Asia Ltd,,203-APPCAB-MD098ZM/A,MD098ZM/A,,Apple DIGITAL AV ADAPTER-ZML,,,,,,,,,,,,,
Accessories,Laptops Accessories,Cable,Apple THUNDERBOLT CABLE ( 2.0 M )-ZML,Apple Thunderbolt Cable,,257.4,259.2,288,,Apple Asia Ltd,,203-APPCAB-MD861ZM/A,MD861ZM/A,,Apple THUNDERBOLT CABLE ( 2.0 M )-ZML,,,,,,,,,2.0m,,,,
Accessories,Laptops Accessories,Cable,Apple THUNDERBOLT CABLE ( 0.5 M )-ZML,Apple Thunderbolt Cable,,195,196.2,218,,Apple Asia Ltd,,203-APPCAB-MD862ZM/A,MD862ZM/A,,Apple THUNDERBOLT CABLE ( 0.5 M )-ZML,,,,,,,,,0.5m,,,,
Accessories,Laptops Accessories,Batteries & Battery Chargers,Apple Macbook 60W Magsafe Power Adpt-GB,Apple 60W MagSafe Power Adapter for MacBook Pro,,514.8,529.2,588,,Apple Asia Ltd,,203-APPBTC-MC461B/A,MC461B/A,,Apple Macbook 60W Magsafe Power Adpt-GB,,,,,,,,,,,,,60W
Accessories,Laptops Accessories,Batteries & Battery Chargers,Apple BATTERY CHARGER - ITP,Apple Battery Charger,,187.2,196.2,218,,Apple Asia Ltd,,203-APPBTC-MC500ZP/A,MC500ZP/A,,Apple BATTERY CHARGER - ITP,,,,,,,,,,,,,
Accessories,Laptops Accessories,Batteries & Battery Chargers,Apple 85W MAGSAFE POWER ADAPTER-GBR COO-,Apple 85W MagSafe Power Adapter for MacBook Pro 15- and 17-inch,,514.8,529.2,588,,Apple Asia Ltd,,203-APPBTC-MC556B/B,MC556B/B,,Apple 85W MAGSAFE POWER ADAPTER-GBR COO-,,,,,,,,,,,,,85W
Accessories,Laptops Accessories,Batteries & Battery Chargers,Apple 45W MagSafe Power Adapter (B23),Apple 45W MagSafe Power Adapter for MacBook Air,,514.8,529.2,588,,Apple Asia Ltd,,203-APPBTC-MC747B/A,MC747B/A,,Apple 45W MagSafe Power Adapter (B23),,,,,,,,,,,,,45W
Accessories,Laptops Accessories,Batteries & Battery Chargers,Apple 60W MAGSAFE 2 POWER ADAPTER-GBR,"Apple 60W MagSafe 2 Power Adapter for 13"" MacBook Pro with Retina Display",,513.48,529.2,588,,Apple Asia Ltd,,203-APPBTC-MD565B/A,MD565B/A,,Apple 60W MAGSAFE 2 POWER ADAPTER-GBR,,,,,,,,,,,,,60W
Accessories,Laptops Accessories,External Storage,Apple TIME CAPSULE 2TB,Apple Time Capsule,,1921.66,1969.2,2188,1.5,Apple Asia Ltd,,203-APPESG-ME177ZP/A,ME177ZP/A,,Apple TIME CAPSULE 2TB,,http://www.dropshipgs.com/images/detailed/8/ME177.jpg,,,,,,2TB,,,,,
Accessories,Laptops Accessories,External Storage,Apple TIME CAPSULE 3TB,Apple Time Capsule,,2621.86,2689.2,2988,1.5,Apple Asia Ltd,,203-APPESG-ME182ZP/A,ME182ZP/A,,Apple TIME CAPSULE 3TB,,http://www.dropshipgs.com/images/detailed/8/ME1771393317419530c562b7de2e.jpg,,,,,,3TB,,,,,
Accessories,Laptops Accessories,Router,Apple Airport Extreme 802.11ac,Apple Airport Extreme,,1307.04,1339.2,1488,,Apple Asia Ltd,,203-APPROU-ME918ZP/A,ME918ZP/A,,Apple Airport Extreme 802.11ac,,,,,,,,,,,,,
Accessories,Tablets Accessories,Keyboard,Apple IPAD CAMERA CONNECTION KIT,Apple iPad Camera Connection Kit,,171.6,205.2,228,,Apple Asia Ltd,,202-APPKBD-MC531ZM/A,MC531ZM/A,,Apple IPAD CAMERA CONNECTION KIT,,,,,,,,,,,,,
Accessories,Tablets Accessories,Adapter,Apple IPAD 2 DOCK-ZML,Apple iPad 2 Dock,,171.6,205.2,228,,Apple Asia Ltd,,202-APPADT-MC940ZM/A,MC940ZM/A,,Apple IPAD 2 DOCK-ZML,,,,,,,,,,,,,
Accessories,Tablets Accessories,Case,Apple iPad mini Smart Case - Brown,Apple iPad mini Smart Case,,412.34,493.2,548,,Apple Asia Ltd,,202-APPCAS-ME706FE/A,ME706FE/A,,Apple iPad mini Smart Case - Brown,,,,,,,Brown,,,,,,
Accessories,Tablets Accessories,Case,Apple iPad mini Smart Case - Beige,Apple iPad mini Smart Case,,412.34,493.2,548,,Apple Asia Ltd,,202-APPCAS-ME707FE/A,ME707FE/A,,Apple iPad mini Smart Case - Beige,,,,,,,Beige,,,,,,
Accessories,Tablets Accessories,Case,Apple iPad mini Smart Case - Yellow,Apple iPad mini Smart Case,,412.34,493.2,548,,Apple Asia Ltd,,202-APPCAS-ME708FE/A,ME708FE/A,,Apple iPad mini Smart Case - Yellow,,,,,,,Yellow,,,,,,
Accessories,Tablets Accessories,Case,Apple iPad mini Smart Case - Blue,Apple iPad mini Smart Case,,412.34,493.2,548,,Apple Asia Ltd,,202-APPCAS-ME709FE/A,ME709FE/A,,Apple iPad mini Smart Case - Blue,,,,,,,Blue,,,,,,
Accessories,Tablets Accessories,Case,Apple iPad mini Smart Case - Black,Apple iPad mini Smart Case,,412.34,493.2,548,,Apple Asia Ltd,,202-APPCAS-ME710FE/A,ME710FE/A,,Apple iPad mini Smart Case - Black,,,,,,,Black,,,,,,
Accessories,Tablets Accessories,Case,Apple iPad mini Smart Case - Red,Apple iPad mini Smart Case,,412.34,493.2,548,,Apple Asia Ltd,,202-APPCAS-ME711FE/A,ME711FE/A,,Apple iPad mini Smart Case - Red,,,,,,,Red,,,,,,
Accessories,Tablets Accessories,Case,Apple iPad Air Smart Case - Brown,Apple iPad Air Smart Case,,466.8,556.2,618,,Apple Asia Ltd,,202-APPCAS-MF047FE/A,MF047FE/A,,Apple iPad Air Smart Case - Brown,,,,,,,Brown,,,,,,
Accessories,Tablets Accessories,Case,Apple iPad Air Smart Case - Beige,Apple iPad Air Smart Case,,466.8,556.2,618,,Apple Asia Ltd,,202-APPCAS-MF048FE/A,MF048FE/A,,Apple iPad Air Smart Case - Beige,,,,,,,Beige,,,,,,
Accessories,Tablets Accessories,Case,Apple iPad Air Smart Case - Yellow,Apple iPad Air Smart Case,,466.8,556.2,618,,Apple Asia Ltd,,202-APPCAS-MF049FE/A,MF049FE/A,,Apple iPad Air Smart Case - Yellow,,,,,,,Yellow,,,,,,
Accessories,Tablets Accessories,Case,Apple iPad Air Smart Case - Blue,Apple iPad Air Smart Case,,466.8,556.2,618,,Apple Asia Ltd,,202-APPCAS-MF050FE/A,MF050FE/A,,Apple iPad Air Smart Case - Blue,,,,,,,Blue,,,,,,
Accessories,Tablets Accessories,Case,Apple iPad Air Smart Case - Black,Apple iPad Air Smart Case,,466.8,556.2,618,,Apple Asia Ltd,,202-APPCAS-MF051FE/A,MF051FE/A,,Apple iPad Air Smart Case - Black,,,,,,,Black,,,,,,
Accessories,Tablets Accessories,Case,Apple iPad Air Smart Case - Red,Apple iPad Air Smart Case,,466.8,556.2,618,,Apple Asia Ltd,,202-APPCAS-MF052FE/A,MF052FE/A,,Apple iPad Air Smart Case - Red,,,,,,,Red,,,,,,
Accessories,Tablets Accessories,Case,Apple iPad Air Smart Cover - Black,Apple iPad Air Smart Cover,,225.62,268.2,298,,Apple Asia Ltd,,202-APPCAS-MF053FE/A,MF053FE/A,,Apple iPad Air Smart Cover - Black,,,,,,,Black,,,,,,
Accessories,Tablets Accessories,Case,Apple iPad Air Smart Cover - Blue,Apple iPad Air Smart Cover,,225.62,268.2,298,,Apple Asia Ltd,,202-APPCAS-MF054FE/A,MF054FE/A,,Apple iPad Air Smart Cover - Blue,,,,,,,Blue,,,,,,
Accessories,Tablets Accessories,Case,Apple iPad Air Smart Cover - Pink,Apple iPad Air Smart Cover,,225.62,268.2,298,,Apple Asia Ltd,,202-APPCAS-MF055FE/A,MF055FE/A,,Apple iPad Air Smart Cover - Pink,,,,,,,Pink,,,,,,
Accessories,Tablets Accessories,Case,Apple iPad Air Smart Cover - Green,Apple iPad Air Smart Cover,,225.62,268.2,298,,Apple Asia Ltd,,202-APPCAS-MF056FE/A,MF056FE/A,,Apple iPad Air Smart Cover - Green,,,,,,,Green,,,,,,
Accessories,Tablets Accessories,Case,Apple iPad Air Smart Cover - Yellow,Apple iPad Air Smart Cover,,225.62,268.2,298,,Apple Asia Ltd,,202-APPCAS-MF057FE/A,MF057FE/A,,Apple iPad Air Smart Cover - Yellow,,,,,,,Yellow,,,,,,
Accessories,Tablets Accessories,Case,Apple iPad Air Smart Cover - Red,Apple iPad Air Smart Cover,,225.62,268.2,298,,Apple Asia Ltd,,202-APPCAS-MF058FE/A,MF058FE/A,,Apple iPad Air Smart Cover - Red,,,,,,,Red,,,,,,
Accessories,Tablets Accessories,Case,Apple iPad mini Smart Cover - Black,Apple iPad mini Smart Cover,,225.62,268.2,298,,Apple Asia Ltd,,202-APPCAS-MF059FE/A,MF059FE/A,,Apple iPad mini Smart Cover - Black,,,,,,,Black,,,,,,
Accessories,Tablets Accessories,Case,Apple iPad mini Smart Cover - Blue,Apple iPad mini Smart Cover,,225.62,268.2,298,,Apple Asia Ltd,,202-APPCAS-MF060FE/A,MF060FE/A,,Apple iPad mini Smart Cover - Blue,,,,,,,Blue,,,,,,
Accessories,Tablets Accessories,Case,Apple iPad mini Smart Cover - Pink,Apple iPad mini Smart Cover,,225.62,268.2,298,,Apple Asia Ltd,,202-APPCAS-MF061FE/A,MF061FE/A,,Apple iPad mini Smart Cover - Pink,,,,,,,Pink,,,,,,
Accessories,Tablets Accessories,Case,Apple iPad mini Smart Cover - Green,Apple iPad mini Smart Cover,,225.62,268.2,298,,Apple Asia Ltd,,202-APPCAS-MF062FE/A,MF062FE/A,,Apple iPad mini Smart Cover - Green,,,,,,,Green,,,,,,
Accessories,Tablets Accessories,Case,Apple iPad mini Smart Cover - Yellow,Apple iPad mini Smart Cover,,225.62,268.2,298,,Apple Asia Ltd,,202-APPCAS-MF063FE/A,MF063FE/A,,Apple iPad mini Smart Cover - Yellow,,,,,,,Yellow,,,,,,
Accessories,Tablets Accessories,Case,Apple iPad mini Smart Cover - (PRODUCT) RED,Apple iPad mini Smart Cover,,225.62,268.2,298,,Apple Asia Ltd,,202-APPCAS-MF394FE/A,MF394FE/A,,Apple iPad mini Smart Cover - (PRODUCT) RED,,,,,,,RED,,,,,,
Accessories,Tablets Accessories,Adapter,Apple IPAD DOCK CONNECTOR TO VGA ADAPTER-ZML,Apple iPad Dock Connector to VGA Adapter,,171.6,205.2,228,,Apple Asia Ltd,,202-APPADT-MC552ZM/B,MC552ZM/B,,Apple IPAD DOCK CONNECTOR TO VGA ADAPTER-ZML,,,,,,,,,,,,,
Accessories,Tablets Accessories,Adapter,Apple 5W USB POWER ADAPTER(UK)-GBR,Apple 5W USB Power Adapter,,119.34,133.2,148,,Apple Asia Ltd,,202-APPADT-MD812B/A,MD812B/A,,Apple 5W USB POWER ADAPTER(UK)-GBR,,,,,,,,,,,,,
Accessories,Tablets Accessories,Adapter,Apple Lightning to USB Camera Adapter,Apple Lightning to USB Camera Adapter,,171.16,205.2,228,,Apple Asia Ltd,,202-APPADT-MD821ZM/A,MD821ZM/A,,Apple Lightning to USB Camera Adapter,,,,,,,,,,,,,
Accessories,Tablets Accessories,Adapter,Apple Lightning to SD Card Reader,Apple Lightning to SD Card Reader,,171.16,205.2,228,,Apple Asia Ltd,,202-APPADT-MD822ZM/A,MD822ZM/A,,Apple Lightning to SD Card Reader,,,,,,,,,,,,,
Accessories,Tablets Accessories,Adapter,Apple Lightning to VGA Adapter,Apple Lightning to VGA Adapter,,296.4,358.2,398,,Apple Asia Ltd,,202-APPADT-MD825ZM/A,MD825ZM/A,,Apple Lightning to VGA Adapter,,,,,,,,,,,,,
Accessories,Tablets Accessories,Adapter,Apple Lightning to Digital AV Adapter,Apple Lightning to Digital AV Adapter,,296.4,358.2,398,,Apple Asia Ltd,,202-APPADT-MD826ZM/A,MD826ZM/A,,Apple Lightning to Digital AV Adapter,,,,,,,,,,,,,
Accessories,Tablets Accessories,Adapter,Apple 12W USB POWER ADAPTER-ITP,Apple 12W USB Power Adapter,,111.25,133.2,148,,Apple Asia Ltd,,202-APPADT-MD836ZP/A,MD836ZP/A,,Apple 12W USB POWER ADAPTER-ITP,,,,,,,,,,,,,
Accessories,Mobile Accessories,Adapter,Apple UNIVERSAL DOCK-XNL,Apple Universal Dock,,351,421.2,468,,Apple Asia Ltd,,201-APPADT-MC746AP/A,MC746AP/A,,Apple UNIVERSAL DOCK-XNL,,,,,,,,,,,,,
Accessories,Mobile Accessories,Cable,Apple COMPOSITE AV CABLE-ZML,Apple Composite AV Cable,,226.2,268.2,298,,Apple Asia Ltd,,201-APPCAB-MC748ZM/A,MC748ZM/A,,Apple COMPOSITE AV CABLE-ZML,,,,,,,,,,,,,
Accessories,Mobile Accessories,Cable,Apple iPhone 5s Dock,Apple iPhone 5s Dock,,171.16,205.2,228,,Apple Asia Ltd,,201-APPCAB-MF030ZM/A,MF030ZM/A,,Apple iPhone 5s Dock,,,,,,,,,,,,,
Accessories,Mobile Accessories,Cable,Apple iPhone 5c Dock,Apple iPhone 5c Dock,,171.16,205.2,228,,Apple Asia Ltd,,201-APPCAB-MF031ZM/A,MF031ZM/A,,Apple iPhone 5c Dock,,,,,,,,,,,,,
Accessories,Mobile Accessories,Case,Apple iPhone 5c Case-Blue,Apple iPhone 5c Case,,171.16,205.2,228,,Apple Asia Ltd,,201-APPCAS-MF035FE/A,MF035FE/A,,Apple iPhone 5c Case-Blue,,,,,,,Blue,,,,,,
Accessories,Mobile Accessories,Case,Apple iPhone 5c Case-Pink,Apple iPhone 5c Case,,171.16,205.2,228,,Apple Asia Ltd,,201-APPCAS-MF036FE/A,MF036FE/A,,Apple iPhone 5c Case-Pink,,,,,,,Pink,,,,,,
Accessories,Mobile Accessories,Case,Apple iPhone 5c Case-Green,Apple iPhone 5c Case,,171.16,205.2,228,,Apple Asia Ltd,,201-APPCAS-MF037FE/A,MF037FE/A,,Apple iPhone 5c Case-Green,,,,,,,Green,,,,,,
Accessories,Mobile Accessories,Case,Apple iPhone 5c Case -Yellow,Apple iPhone 5c Case,,171.16,205.2,228,,Apple Asia Ltd,,201-APPCAS-MF038FE/A,MF038FE/A,,Apple iPhone 5c Case -Yellow,,,,,,,Yellow,,,,,,
Accessories,Mobile Accessories,Case,Apple iPhone 5c Case-White,Apple iPhone 5c Case,,171.16,205.2,228,,Apple Asia Ltd,,201-APPCAS-MF039FE/A,MF039FE/A,,Apple iPhone 5c Case-White,,,,,,,White,,,,,,
Accessories,Mobile Accessories,Case,Apple iPhone 5c Case-Black,Apple iPhone 5c Case,,171.16,205.2,228,,Apple Asia Ltd,,201-APPCAS-MF040FE/A,MF040FE/A,,Apple iPhone 5c Case-Black,,,,,,,Black,,,,,,
Accessories,Mobile Accessories,Case,Apple iPhone 5s Case-Brown,Apple iPhone 5s Case,,225.62,268.2,298,,Apple Asia Ltd,,201-APPCAS-MF041FE/A,MF041FE/A,,Apple iPhone 5s Case-Brown,,,,,,,Brown,,,,,,
Accessories,Mobile Accessories,Case,Apple iPhone 5s Case-Yellow,Apple iPhone 5s Case,,225.62,268.2,298,,Apple Asia Ltd,,201-APPCAS-MF043FE/A,MF043FE/A,,Apple iPhone 5s Case-Yellow,,,,,,,Yellow,,,,,,
Accessories,Mobile Accessories,Case,Apple iPhone 5s Case- Blue,Apple iPhone 5s Case,,225.62,268.2,298,,Apple Asia Ltd,,201-APPCAS-MF044FE/A,MF044FE/A,,Apple iPhone 5s Case- Blue,,,,,,,Blue,,,,,,
Accessories,Mobile Accessories,Case,Apple iPhone 5s Case- Black,Apple iPhone 5s Case,,225.62,268.2,298,,Apple Asia Ltd,,201-APPCAS-MF045FE/A,MF045FE/A,,Apple iPhone 5s Case- Black,,,,,,,Black,,,,,,
Accessories,Mobile Accessories,Case,Apple iPhone 5s Case- (Product)Red,Apple iPhone 5s Case,,225.62,268.2,298,,Apple Asia Ltd,,201-APPCAS-MF046FE/A,MF046FE/A,,Apple iPhone 5s Case- (Product)Red,,,,,,,Red,,,,,,
Accessories,Mobile Accessories,Case,Apple iPhone 5s Case-Beige,Apple iPhone 5s Case,,225.62,268.2,298,,Apple Asia Ltd,,201-APPCAS-MF042FE/A,MF042FE/A,,Apple iPhone 5s Case-Beige,,,,,,,Beige,,,,,,
Accessories,Mobile Accessories,Adapter,Apple iPhone TTY Adapter- Gen Coo-China,Apple iPhone TTY Adapter,,110.76,133.2,148,,Apple Asia Ltd,,201-APPADT-MA854G/A,MA854G/A,,Apple iPhone TTY Adapter- Gen Coo-China,,,,,,,,,,,,,
Accessories,Mobile Accessories,Adapter,Apple LIGHTNING TO MICRO USB ADAPTER-ZML,Apple Lightning to Micro USB Adapter,,119.34,133.2,148,,Apple Asia Ltd,,201-APPADT-MD820ZM/A,MD820ZM/A,,Apple LIGHTNING TO MICRO USB ADAPTER-ZML,,,,,,,,,,,,,
Accessories,Mobile Accessories,Adapter,Apple Lightning to 30-pin Adapter,Apple Lightning to 30-pin Adapter,,179.4,205.2,228,,Apple Asia Ltd,,201-APPADT-MD823ZM/A,MD823ZM/A,,Apple Lightning to 30-pin Adapter,,,,,,,,,,,,,
Accessories,Mobile Accessories,Adapter,Apple Lightning to 30-pin Adapter (0.2 m),Apple Lightning to 30-pin Adapter (0.2 m),,226.2,268.2,298,,Apple Asia Ltd,,201-APPADT-MD824ZM/A,MD824ZM/A,,Apple Lightning to 30-pin Adapter (0.2 m),,,,,,,,,0.2m,,,,
Accessories,Media Player Accessories,Adapter,Apple iPod Universal Dock Adapter 3-Pack - (iP,Apple iPod Universal Dock Adapter 3-Pack,,51.01,61.2,68,,Apple Asia Ltd,,207-APPADT-MA126G/A,MA126G/A,,Apple iPod Universal Dock Adapter 3-Pack - (iP,,,,,,,,,,,,,
Accessories,Media Player Accessories,Adapter,Apple World Travel Adapter Kit-ZML COO-C,Apple World Travel Adapter Kit,,226.2,268.2,298,,Apple Asia Ltd,,207-APPADT-MB974ZM/B,MB974ZM/B,,Apple World Travel Adapter Kit-ZML COO-C,,,,,,,,,,,,,
Accessories,Media Player Accessories,Headphone,Apple Earpods with remote and mic-fae,Apple Earpods with Remote and Mic,,179.4,205.2,228,,Apple Asia Ltd,,207-APPHPN-MD827FE/A,MD827FE/A,,Apple Earpods with remote and mic-fae,,,,,,,,,,,,,
